wallet,tx_hash,timestamp,from,to,contract_label,action,value
0x0039f22efb07a647557c7c5d17854cfd6d489ef3,0xac4b5539aca3f38b7c745138f2fb0cc26aef0c348a7a19ff73e079a6556920ed,2022-09-06T23:58:39Z,0x0039f22efb07a647557c7c5d17854cfd6d489ef3,0xc3d688b66703497daa19211eedff47f25384cdc3,,unknown,0
0x0039f22efb07a647557c7c5d17854cfd6d489ef3,0xcc49ca36e7020d58fe4195419110d8668b34216c7c0a73bbb8b0a4c08a7ae2fd,2021-12-15T22:38:10Z,0x0039f22efb07a647557c7c5d17854cfd6d489ef3,0x39aa39c021dfbae8fac545936693ac917d5e7563,,unknown,0
0x0039f22efb07a647557c7c5d17854cfd6d489ef3,0x278bf9dbf8b23e259a3dfa3e2d2f8908555023b3846284108cccce5b40643c71,2021-12-07T14:59:27Z,0x0039f22efb07a647557c7c5d17854cfd6d489ef3,0x39aa39c021dfbae8fac545936693ac917d5e7563,,unknown,0
0x0039f22efb07a647557c7c5d17854cfd6d489ef3,0x2a23706388058e55dce35bad628d511280c47f795e31f4db2ac2344226619b6d,2021-11-30T20:14:23Z,0x0039f22efb07a647557c7c5d17854cfd6d489ef3,0x39aa39c021dfbae8fac545936693ac917d5e7563,,unknown,0
0x0039f22efb07a647557c7c5d17854cfd6d489ef3,0xb58878d9c2733ce7c0791f7969efec1e9ff3a79d69c982d1a668293be52f124f,2021-06-26T07:46:05Z,0x0039f22efb07a647557c7c5d17854cfd6d489ef3,0x39aa39c021dfbae8fac545936693ac917d5e7563,,unknown,0
0x0039f22efb07a647557c7c5d17854cfd6d489ef3,0x92f15ab0d56f9676d90da9778568e957e891811974ca0ce3f52396b26c7e0281,2021-06-15T08:53:50Z,0x0039f22efb07a647557c7c5d17854cfd6d489ef3,0x3d9819210a31b4961b30ef54be2aed79b9c9cd3b,,unknown,0
0x0039f22efb07a647557c7c5d17854cfd6d489ef3,0xe4cbc2125e5807153a3c49aa49158553985d35e3b7447a0ef0603bf91ed4d6bc,2021-06-07T19:45:17Z,0x0039f22efb07a647557c7c5d17854cfd6d489ef3,0x5d3a536e4d6dbd6114cc1ead35777bab948e3643,,unknown,0
0x0039f22efb07a647557c7c5d17854cfd6d489ef3,0x73725945120d52e7e84539652b94760ce116cec37409b61f87ea6d30a6d26127,2021-05-28T06:36:56Z,0x0039f22efb07a647557c7c5d17854cfd6d489ef3,0x39aa39c021dfbae8fac545936693ac917d5e7563,,unknown,0
0x0039f22efb07a647557c7c5d17854cfd6d489ef3,0x338f1d6e5e4d241d9afdb4c29e606d1d94c5ef08e060c6550532a8cc5b732c54,2021-05-20T15:58:37Z,0x0039f22efb07a647557c7c5d17854cfd6d489ef3,0x5d3a536e4d6dbd6114cc1ead35777bab948e3643,,unknown,0
0x0039f22efb07a647557c7c5d17854cfd6d489ef3,0x582e5b868b9bf022850b6b51499c65344633357c90af344d10c5a2f9ce79fc04,2021-03-28T19:08:46Z,0x0039f22efb07a647557c7c5d17854cfd6d489ef3,0x39aa39c021dfbae8fac545936693ac917d5e7563,,unknown,0
0x0039f22efb07a647557c7c5d17854cfd6d489ef3,0x72f35f938c73944ce06628159b3abad785f976e3d0661cb6c6bb46dc9c67bcfe,2021-03-18T20:27:43Z,0x0039f22efb07a647557c7c5d17854cfd6d489ef3,0x39aa39c021dfbae8fac545936693ac917d5e7563,,unknown,0
0x0039f22efb07a647557c7c5d17854cfd6d489ef3,0x8f4c35854a7fd6fcda351970b0c1a977b9c1bd390d426b3bed4fc5fb0b075462,2021-03-14T04:39:14Z,0x0039f22efb07a647557c7c5d17854cfd6d489ef3,0x39aa39c021dfbae8fac545936693ac917d5e7563,,unknown,0
0x0039f22efb07a647557c7c5d17854cfd6d489ef3,0x335d36e0c44c2497a688e8d336527c4de11bcd9775dd748d61da8d7f1d641a34,2021-02-05T06:24:41Z,0x0039f22efb07a647557c7c5d17854cfd6d489ef3,0x39aa39c021dfbae8fac545936693ac917d5e7563,,unknown,0
0x0039f22efb07a647557c7c5d17854cfd6d489ef3,0x1efa3f8d31210b8dab87ad6e8123db0e668cf9aeb75e8d8429c46a90e1d74bf7,2021-01-29T18:15:08Z,0x0039f22efb07a647557c7c5d17854cfd6d489ef3,0x39aa39c021dfbae8fac545936693ac917d5e7563,,unknown,0
0x0039f22efb07a647557c7c5d17854cfd6d489ef3,0xce956fd4904e3ee277b7bede5d335c0a2a83825b0a258c7e10618cb4f2b6eeb9,2020-09-27T19:36:50Z,0x0039f22efb07a647557c7c5d17854cfd6d489ef3,0x5d3a536e4d6dbd6114cc1ead35777bab948e3643,,unknown,0
0x0039f22efb07a647557c7c5d17854cfd6d489ef3,0x60d625f026853e117176228fe5313a0d3f769b0e9a7c5bd23becf422bb8c426b,2020-09-25T06:52:32Z,0x0039f22efb07a647557c7c5d17854cfd6d489ef3,0x5d3a536e4d6dbd6114cc1ead35777bab948e3643,,unknown,0
0x0039f22efb07a647557c7c5d17854cfd6d489ef3,0x900d391db2eff42e6b3fa7311934b227de1259f13d7f7a5fa5fcbc77c1b0dbba,2020-07-15T20:54:10Z,0x0039f22efb07a647557c7c5d17854cfd6d489ef3,0x4ddc2d193948926d02f9b1fe9e1daa0718270ed5,,unknown,0
0x0039f22efb07a647557c7c5d17854cfd6d489ef3,0x32caa484d8e47a0aacbd7b91511487e163b8accdbd6e703970f19bcfce9ac865,2020-06-23T00:33:57Z,0x0039f22efb07a647557c7c5d17854cfd6d489ef3,0x4ddc2d193948926d02f9b1fe9e1daa0718270ed5,,unknown,100000000000000000000
0x0039f22efb07a647557c7c5d17854cfd6d489ef3,0x54f30f06c66bb76a821fa5bb1f65307650bcc28b6b7f3c9c28cec928275e426f,2019-09-14T05:51:03Z,0x0039f22efb07a647557c7c5d17854cfd6d489ef3,0x4ddc2d193948926d02f9b1fe9e1daa0718270ed5,,unknown,0
0x0039f22efb07a647557c7c5d17854cfd6d489ef3,0x4222b4ec01ba08cbc4d02b349a76dc468ecb64a108f939818e369f61dbde2c5b,2019-09-14T05:49:21Z,0x0039f22efb07a647557c7c5d17854cfd6d489ef3,0x39aa39c021dfbae8fac545936693ac917d5e7563,,unknown,0
0x0039f22efb07a647557c7c5d17854cfd6d489ef3,0xcac4ca8b91a33e216c1c94f6fcc8482ef512a185bcc5a83396a67d518b00b6aa,2019-09-02T19:29:55Z,0x0039f22efb07a647557c7c5d17854cfd6d489ef3,0x39aa39c021dfbae8fac545936693ac917d5e7563,,unknown,0
0x0039f22efb07a647557c7c5d17854cfd6d489ef3,0x3703dbfc7075fda1f753b6813dd80b27298af7063590ba2dcca9ff0b5930545d,2019-09-02T19:28:39Z,0x0039f22efb07a647557c7c5d17854cfd6d489ef3,0x4ddc2d193948926d02f9b1fe9e1daa0718270ed5,,unknown,100000000000000000000
0x0039f22efb07a647557c7c5d17854cfd6d489ef3,0x1c61798644a09960097e8d16570248b3e899e5437ca3ef15febcf67a10a4017d,2019-09-02T19:09:07Z,0x0039f22efb07a647557c7c5d17854cfd6d489ef3,0x3d9819210a31b4961b30ef54be2aed79b9c9cd3b,,unknown,0
0x06b51c6882b27cb05e712185531c1f74996dd988,0x25b33b7a990646ab6c0f22d2c4e91fe563bbd9b02e361de589e7c1971e69e840,2020-10-16T00:16:57Z,0x06b51c6882b27cb05e712185531c1f74996dd988,0x39aa39c021dfbae8fac545936693ac917d5e7563,,unknown,0
0x0795732aacc448030ef374374eaae57d2965c16c,0x22d03ef2de5abcb5dd724279e59b050c995d6b6308ff31caccb0dfffdb6641e0,2020-11-25T13:13:37Z,0x0795732aacc448030ef374374eaae57d2965c16c,0x39aa39c021dfbae8fac545936693ac917d5e7563,,unknown,0
0x0aaa79f1a86bc8136cd0d1ca0d51964f4e3766f9,0xe74e61815250aae8a2cab45a4ab4a98bcda6a3832591a0bac1ebc6b88967371a,2020-12-12T06:15:09Z,0x0aaa79f1a86bc8136cd0d1ca0d51964f4e3766f9,0x39aa39c021dfbae8fac545936693ac917d5e7563,,unknown,0
0x0fe383e5abc200055a7f391f94a5f5d1f844b9ae,0x936f794a8eed05ee88765e3ddabb666473210fb189867f647fbb0a38e7e986a6,2020-10-21T13:02:48Z,0x0fe383e5abc200055a7f391f94a5f5d1f844b9ae,0x39aa39c021dfbae8fac545936693ac917d5e7563,,unknown,0
0x104ae61d8d487ad689969a17807ddc338b445416,0x44347e686635e8ae9efa4b2ba9703144ca6fd40921c7fa1446a0cdd7cca93a89,2020-12-16T05:19:37Z,0x104ae61d8d487ad689969a17807ddc338b445416,0x39aa39c021dfbae8fac545936693ac917d5e7563,,unknown,0
0x111c7208a7e2af345d36b6d4aace8740d61a3078,0x47fd68c2456630239f0ae034543721a04e40d3a0d1637506780ae08991af1e30,2020-11-05T20:16:30Z,0x111c7208a7e2af345d36b6d4aace8740d61a3078,0x39aa39c021dfbae8fac545936693ac917d5e7563,,unknown,0
0x111c7208a7e2af345d36b6d4aace8740d61a3078,0x654be57c6882ccff265a146e897dfe6fde850baa1ca29a9a5314874fb3aed36b,2020-11-05T19:38:35Z,0x111c7208a7e2af345d36b6d4aace8740d61a3078,0x39aa39c021dfbae8fac545936693ac917d5e7563,,unknown,0
0x124853fecb522c57d9bd5c21231058696ca6d596,0x414296d05d8725ea110f5c1808ddaf906618f9515e843128ccc232462b1b68ad,2020-11-08T05:26:05Z,0x124853fecb522c57d9bd5c21231058696ca6d596,0x4ddc2d193948926d02f9b1fe9e1daa0718270ed5,,unknown,0
0x124853fecb522c57d9bd5c21231058696ca6d596,0x2b7ee51ffc617958dc0c13aa5622999cc5a030dd14bd09f60bbd9442bdbac869,2020-11-08T05:26:04Z,0x124853fecb522c57d9bd5c21231058696ca6d596,0x39aa39c021dfbae8fac545936693ac917d5e7563,,unknown,0
0x124853fecb522c57d9bd5c21231058696ca6d596,0xa90ebd659a734068cb11df27e1f90e8549c8b746b963d9f248fbe62a85b37373,2020-11-08T05:01:17Z,0x124853fecb522c57d9bd5c21231058696ca6d596,0x4ddc2d193948926d02f9b1fe9e1daa0718270ed5,,unknown,6882000088691711
0x13b1c8b0e696aff8b4fee742119b549b605f3cbc,0x398f8aa6cd81d63253e45a142a23bfa4d3c071ad58ff40d1cf50698078ea4739,2020-12-14T07:25:50Z,0x13b1c8b0e696aff8b4fee742119b549b605f3cbc,0x39aa39c021dfbae8fac545936693ac917d5e7563,,unknown,0
0x19df3e87f73c4aaf4809295561465b993e102668,0x8b25f39969785a8ccc313cfb7115feba3c8b08cf2fb5a505f3c2e8ab21c40e78,2020-10-15T02:22:54Z,0x19df3e87f73c4aaf4809295561465b993e102668,0x39aa39c021dfbae8fac545936693ac917d5e7563,,unknown,0
0x1ab2ccad4fc97c9968ea87d4435326715be32872,0x0093fcd904c7e0ba382945264f5188cfcf58ee1ac6e39e782803c05939743263,2020-11-14T16:25:38Z,0x1ab2ccad4fc97c9968ea87d4435326715be32872,0x39aa39c021dfbae8fac545936693ac917d5e7563,,unknown,0
0x1c1b30ca93ef57452d53885d97a74f61daf2bf4f,0xa7bbbb8681daae992fff604421404b61d01a9bdfca101c212b5da3a2fd4c64b7,2021-01-28T08:14:08Z,0x1c1b30ca93ef57452d53885d97a74f61daf2bf4f,0x3d9819210a31b4961b30ef54be2aed79b9c9cd3b,,unknown,0
0x1c1b30ca93ef57452d53885d97a74f61daf2bf4f,0x5514bca3a9bfb9666ce3ad6f4d63c764de8ed7e042b51117bfe23c4af1638548,2021-01-28T08:13:13Z,0x1c1b30ca93ef57452d53885d97a74f61daf2bf4f,0x3d9819210a31b4961b30ef54be2aed79b9c9cd3b,,unknown,0
0x1c1b30ca93ef57452d53885d97a74f61daf2bf4f,0xe5412324009f1ee26da186aa63e5527aba5bf5940bf529d35890248b8920a4c9,2021-01-28T08:13:13Z,0x1c1b30ca93ef57452d53885d97a74f61daf2bf4f,0x4ddc2d193948926d02f9b1fe9e1daa0718270ed5,,unknown,0
0x1c1b30ca93ef57452d53885d97a74f61daf2bf4f,0xaacb6ac5ec02d0fd22be64f4d06f5087ea50f3ac7df37de6fb8110a502a158f2,2021-01-28T04:11:31Z,0x1c1b30ca93ef57452d53885d97a74f61daf2bf4f,0x4ddc2d193948926d02f9b1fe9e1daa0718270ed5,,unknown,29741080044432412
0x1c1b30ca93ef57452d53885d97a74f61daf2bf4f,0x7c8ad6db032be663eba75020b3d3d4165385062ebdbf682599d72bbfd2d182b2,2021-01-26T09:38:46Z,0x1c1b30ca93ef57452d53885d97a74f61daf2bf4f,0x3d9819210a31b4961b30ef54be2aed79b9c9cd3b,,unknown,0
0x1c1b30ca93ef57452d53885d97a74f61daf2bf4f,0x3c2d194f9f5ca62de4aea6f5f142924cffe95a7a72b81b15d3d2bdc6496c365f,2021-01-26T08:13:59Z,0x1c1b30ca93ef57452d53885d97a74f61daf2bf4f,0x4ddc2d193948926d02f9b1fe9e1daa0718270ed5,,unknown,0
0x1c1b30ca93ef57452d53885d97a74f61daf2bf4f,0xd75aefc4e7a09330ee162fa10e000332c5ca51a165530c555a47427b52b7e184,2021-01-07T00:39:25Z,0x1c1b30ca93ef57452d53885d97a74f61daf2bf4f,0x4ddc2d193948926d02f9b1fe9e1daa0718270ed5,,unknown,44704205067569574
0x1c1b30ca93ef57452d53885d97a74f61daf2bf4f,0x50a8a1f10df7766d2d81f7da93002052d0f6fc9242516c0d511f141fe0a336de,2021-01-06T22:09:50Z,0x1c1b30ca93ef57452d53885d97a74f61daf2bf4f,0x4ddc2d193948926d02f9b1fe9e1daa0718270ed5,,unknown,25268125150890280
0x1c1b30ca93ef57452d53885d97a74f61daf2bf4f,0x39974ac6158d598ba476575b325f1a8f4846751c4f40d727ac856d8d3150f6e6,2021-01-03T09:15:07Z,0x1c1b30ca93ef57452d53885d97a74f61daf2bf4f,0x4ddc2d193948926d02f9b1fe9e1daa0718270ed5,,unknown,9872155578287252
0x1c1b30ca93ef57452d53885d97a74f61daf2bf4f,0x694998a9447c8b001b5c2ec17dc4e58bf487a1084a2b4f9d0a3d765b534551d4,2021-01-03T09:10:19Z,0x1c1b30ca93ef57452d53885d97a74f61daf2bf4f,0x4ddc2d193948926d02f9b1fe9e1daa0718270ed5,,unknown,4729487540652751
0x1e43dacdcf863676a6bec8f7d6896d6252fac669,0x68623e77587f3c68cb2ab5fe6f0126afbf22c2ef027d35a80d2e9f80bdd54b1f,2020-12-12T23:06:43Z,0x1e43dacdcf863676a6bec8f7d6896d6252fac669,0x4ddc2d193948926d02f9b1fe9e1daa0718270ed5,,unknown,13131013300000000
0x24b3460622d835c56d9a4fe352966b9bdc6c20af,0x6a3bbfa96b5b1e581b849fba04f1344a2ad3801cc2b54b36210aac7d4ac40244,2020-11-11T20:03:52Z,0x24b3460622d835c56d9a4fe352966b9bdc6c20af,0x39aa39c021dfbae8fac545936693ac917d5e7563,,unknown,0
0x26750f1f4277221bdb5f6991473c6ece8c821f9d,0x712d88a35b59c76b64096b45284ab438f437193ce28e7dfe3e3e3f9bf991f12d,2020-12-14T06:09:36Z,0x26750f1f4277221bdb5f6991473c6ece8c821f9d,0x39aa39c021dfbae8fac545936693ac917d5e7563,,unknown,0
0x27f72a000d8e9f324583f3a3491ea66998275b28,0xa11b3441eaa85bfd8fbdd210d4b7c12892176030137219975fd7ff49022d492c,2020-11-06T20:23:33Z,0x27f72a000d8e9f324583f3a3491ea66998275b28,0x39aa39c021dfbae8fac545936693ac917d5e7563,,unknown,0
0x2844658bf341db96aa247259824f42025e3bcec2,0x7f72718cbd9c7ec66229d04dfe55ff02d93be623f2d1328d5ef06448c4b0e738,2020-12-15T23:00:30Z,0x2844658bf341db96aa247259824f42025e3bcec2,0x39aa39c021dfbae8fac545936693ac917d5e7563,,unknown,0
0x2a2fde3e1beb508fcf7c137a1d5965f13a17825e,0x779b2d93061c731e809896fcae26cbdce1bc40ccc8455aecea20eef99d5891ec,2020-11-01T01:57:18Z,0x2a2fde3e1beb508fcf7c137a1d5965f13a17825e,0x39aa39c021dfbae8fac545936693ac917d5e7563,,unknown,0
0x330513970efd9e8dd606275fb4c50378989b3204,0x01ccaf88dd3cf8de32aa36161e8b0d3437edb7fdcb5f62e5548b90261d331805,2019-09-30T08:14:58Z,0x330513970efd9e8dd606275fb4c50378989b3204,0x4ddc2d193948926d02f9b1fe9e1daa0718270ed5,,unknown,0
0x330513970efd9e8dd606275fb4c50378989b3204,0xaee040d07393f13ceb84e78d0c2363e9b17538138404ec0aec0af1fc7b2727b9,2019-09-03T07:41:27Z,0x330513970efd9e8dd606275fb4c50378989b3204,0x39aa39c021dfbae8fac545936693ac917d5e7563,,unknown,0
0x330513970efd9e8dd606275fb4c50378989b3204,0x5bd1f5b49afa3cb73a15c7ab01101c14269b58182b28d3030a617ef18ae82b19,2019-09-03T07:33:37Z,0x330513970efd9e8dd606275fb4c50378989b3204,0x39aa39c021dfbae8fac545936693ac917d5e7563,,unknown,0
0x330513970efd9e8dd606275fb4c50378989b3204,0x5b069b787aabc6b006a7ecb6a9d1fdd66794a5f22cc61da6043329fbec896710,2019-09-02T05:47:06Z,0x330513970efd9e8dd606275fb4c50378989b3204,0x39aa39c021dfbae8fac545936693ac917d5e7563,,unknown,0
0x330513970efd9e8dd606275fb4c50378989b3204,0x9979f48bd048a1281b30c72c27da6148072aa98f76d1f773929219b7fb94dd65,2019-09-02T05:43:02Z,0x330513970efd9e8dd606275fb4c50378989b3204,0x4ddc2d193948926d02f9b1fe9e1daa0718270ed5,,unknown,0
0x330513970efd9e8dd606275fb4c50378989b3204,0xfc278c9731d960269c42ed34af06e433657f90c8f410897e84ac990020b11fd0,2019-09-02T05:39:52Z,0x330513970efd9e8dd606275fb4c50378989b3204,0x39aa39c021dfbae8fac545936693ac917d5e7563,,unknown,0
0x330513970efd9e8dd606275fb4c50378989b3204,0xca91601bd129b9fe809fd1b545ffbca5be3499516e575e036c5921b7cf1eb0f7,2019-09-01T07:54:16Z,0x330513970efd9e8dd606275fb4c50378989b3204,0x39aa39c021dfbae8fac545936693ac917d5e7563,,unknown,0
0x330513970efd9e8dd606275fb4c50378989b3204,0x2d0d7708280a93b884cf72afa965a395f40f27e585da4872a51f4476cc8059f7,2019-09-01T07:53:09Z,0x330513970efd9e8dd606275fb4c50378989b3204,0x39aa39c021dfbae8fac545936693ac917d5e7563,,unknown,0
0x330513970efd9e8dd606275fb4c50378989b3204,0x8635590d33f34b1b41ff49a567bd5829afd2d87f04fbae5ab10b6b2b49d2ae4a,2019-09-01T07:41:05Z,0x330513970efd9e8dd606275fb4c50378989b3204,0x4ddc2d193948926d02f9b1fe9e1daa0718270ed5,,unknown,75154347750000000
0x330513970efd9e8dd606275fb4c50378989b3204,0x23b828dbf408da36da695d1b0d0dabca0890b640a0004ab696be179fc698beb2,2019-09-01T06:34:37Z,0x330513970efd9e8dd606275fb4c50378989b3204,0x3d9819210a31b4961b30ef54be2aed79b9c9cd3b,,unknown,0
0x3361bea43c2f5f963f81ac70f64e6fba1f1d2a97,0x2b10999c6868498047202053ef5b0c4294ec22004c9fa27f71e56df114d16d18,2020-02-14T11:34:41Z,0x3361bea43c2f5f963f81ac70f64e6fba1f1d2a97,0x5d3a536e4d6dbd6114cc1ead35777bab948e3643,,unknown,0
0x3361bea43c2f5f963f81ac70f64e6fba1f1d2a97,0x7910abe65a277a1dcdf074167e22077038ae125a7a40dcfc1e67b9abbcbc08d1,2020-02-14T06:39:02Z,0x3361bea43c2f5f963f81ac70f64e6fba1f1d2a97,0x5d3a536e4d6dbd6114cc1ead35777bab948e3643,,unknown,0
0x3867d222ba91236ad4d12c31056626f9e798629c,0x3fffbd49fa8e0f40810da5e4fdd7f694d2726eba4096320128c4f7e2a461814a,2020-12-13T11:47:10Z,0x3867d222ba91236ad4d12c31056626f9e798629c,0x39aa39c021dfbae8fac545936693ac917d5e7563,,unknown,0
0x3a44be4581137019f83021eeee72b7dc57756069,0xd0b6db992ad492169d6280740a7e6993b37c1680ebe4df16db61385a92870d4b,2020-10-23T17:58:00Z,0x3a44be4581137019f83021eeee72b7dc57756069,0x39aa39c021dfbae8fac545936693ac917d5e7563,,unknown,0
0x3e69ad05716bdc834db72c4d6d44439a7c8a902b,0xf6940ca619b3b3822ca89c5fc50cd24a6a76b96cffde125de54d9817dd78e321,2020-11-13T18:46:12Z,0x3e69ad05716bdc834db72c4d6d44439a7c8a902b,0x39aa39c021dfbae8fac545936693ac917d5e7563,,unknown,0
0x427f2ac5fdf4245e027d767e7c3ac272a1f40a65,0x545ecc1d1dcb7a4de45590b9963859137c60f25b0a1635b0cd37c8b044b09f0a,2024-12-07T14:00:35Z,0x427f2ac5fdf4245e027d767e7c3ac272a1f40a65,0x4ddc2d193948926d02f9b1fe9e1daa0718270ed5,,unknown,0
0x427f2ac5fdf4245e027d767e7c3ac272a1f40a65,0xa10da53771e9830842c0a99b48dccef2a80711c76db721c84353e432da6c4dea,2024-12-07T02:05:11Z,0x427f2ac5fdf4245e027d767e7c3ac272a1f40a65,0x4ddc2d193948926d02f9b1fe9e1daa0718270ed5,,unknown,0
0x427f2ac5fdf4245e027d767e7c3ac272a1f40a65,0xd5aac4deb2a6bed11d6e9133005eddbfb8e5f4ec28041c7a0b533abc58610ad4,2024-12-07T02:02:11Z,0x427f2ac5fdf4245e027d767e7c3ac272a1f40a65,0xc3d688b66703497daa19211eedff47f25384cdc3,,unknown,0
0x427f2ac5fdf4245e027d767e7c3ac272a1f40a65,0x7ec920a9f477078001e2caac7a03916f7e4d633d9a69bf67aa065c94af3683e9,2023-07-04T00:23:11Z,0x427f2ac5fdf4245e027d767e7c3ac272a1f40a65,0xc3d688b66703497daa19211eedff47f25384cdc3,,unknown,0
0x427f2ac5fdf4245e027d767e7c3ac272a1f40a65,0x3df385aaeddff965f75649e0b8a7aadddc757550d1d7eb8f740e7b3ade25c61a,2023-07-04T00:20:23Z,0x427f2ac5fdf4245e027d767e7c3ac272a1f40a65,0xc3d688b66703497daa19211eedff47f25384cdc3,,unknown,0
0x427f2ac5fdf4245e027d767e7c3ac272a1f40a65,0x66a4ba85da6ea9e4054f4641d98e83e8259a5b544262db3310d5b099fd9db940,2023-03-18T23:10:47Z,0x427f2ac5fdf4245e027d767e7c3ac272a1f40a65,0x39aa39c021dfbae8fac545936693ac917d5e7563,,unknown,0
0x427f2ac5fdf4245e027d767e7c3ac272a1f40a65,0x637d8c1d2b55605d16ccaf9cd26afe4b0866e82baf1a383b38d7cff7d71e3d89,2023-03-18T23:05:47Z,0x427f2ac5fdf4245e027d767e7c3ac272a1f40a65,0xc3d688b66703497daa19211eedff47f25384cdc3,,unknown,0
0x427f2ac5fdf4245e027d767e7c3ac272a1f40a65,0xe29f058c8fc69540c12c409911f3774b70995be9ce084f630a5c09e0102d217a,2023-01-29T18:01:35Z,0x427f2ac5fdf4245e027d767e7c3ac272a1f40a65,0x4ddc2d193948926d02f9b1fe9e1daa0718270ed5,,unknown,30000000000000000
0x427f2ac5fdf4245e027d767e7c3ac272a1f40a65,0xeb678be61a33983d811fa60928e1eacc181fd211c3882135ee3092a258074738,2023-01-10T23:23:35Z,0x427f2ac5fdf4245e027d767e7c3ac272a1f40a65,0x3d9819210a31b4961b30ef54be2aed79b9c9cd3b,,unknown,0
0x427f2ac5fdf4245e027d767e7c3ac272a1f40a65,0x22c3548d46eac802a77424e7137b3f3d1431c59ed8c5918292dad0b8e1eda6ec,2022-12-14T11:49:59Z,0x427f2ac5fdf4245e027d767e7c3ac272a1f40a65,0x4ddc2d193948926d02f9b1fe9e1daa0718270ed5,,unknown,40000000000000000
0x427f2ac5fdf4245e027d767e7c3ac272a1f40a65,0x69f855edb594c3ac3b572cfd66da9cb772981dbe8119a81f17212625d935d535,2022-12-13T12:19:35Z,0x427f2ac5fdf4245e027d767e7c3ac272a1f40a65,0xc3d688b66703497daa19211eedff47f25384cdc3,,unknown,0
0x427f2ac5fdf4245e027d767e7c3ac272a1f40a65,0xefd6145acd739aebf0b5c04b7af7332ad5d7adbbd9e18282e602c7245cd9742f,2022-12-11T21:13:11Z,0x427f2ac5fdf4245e027d767e7c3ac272a1f40a65,0xc3d688b66703497daa19211eedff47f25384cdc3,,unknown,0
0x427f2ac5fdf4245e027d767e7c3ac272a1f40a65,0xdaa0cc52c6ec8a6be575025b1b839dbc8c84774085b87524397915fe49cf75d4,2022-12-11T21:08:47Z,0x427f2ac5fdf4245e027d767e7c3ac272a1f40a65,0x39aa39c021dfbae8fac545936693ac917d5e7563,,unknown,0
0x427f2ac5fdf4245e027d767e7c3ac272a1f40a65,0x57ceb1281a219ef713738fada751f12a0ee7c7a1513fe30f1af340bcf6601c8b,2022-12-11T21:06:59Z,0x427f2ac5fdf4245e027d767e7c3ac272a1f40a65,0x4ddc2d193948926d02f9b1fe9e1daa0718270ed5,,unknown,250000000000000000
0x427f2ac5fdf4245e027d767e7c3ac272a1f40a65,0xc9d4c72fe4f84384426e5262809da73b2ced8826c1646b9f623e1a72528db8eb,2022-12-02T11:50:47Z,0x427f2ac5fdf4245e027d767e7c3ac272a1f40a65,0x39aa39c021dfbae8fac545936693ac917d5e7563,,unknown,0
0x427f2ac5fdf4245e027d767e7c3ac272a1f40a65,0x4e4b3744ec84099b69bf1906e3583b9a41d602cb9ddeaa880b2a04a81aacd95a,2022-12-02T11:48:23Z,0x427f2ac5fdf4245e027d767e7c3ac272a1f40a65,0x4ddc2d193948926d02f9b1fe9e1daa0718270ed5,,unknown,80000000000000000
0x427f2ac5fdf4245e027d767e7c3ac272a1f40a65,0xd7d9433f867b359b9479aa37e57517a73aed3a7b3db5055b11d4f06ce1ff077b,2022-11-23T18:40:23Z,0x427f2ac5fdf4245e027d767e7c3ac272a1f40a65,0xc3d688b66703497daa19211eedff47f25384cdc3,,unknown,0
0x427f2ac5fdf4245e027d767e7c3ac272a1f40a65,0xc0e9b234315fb686aa84fc8208a1fbccdf8b010d5b5772a891fc2be9f2b28826,2022-11-21T18:25:35Z,0x427f2ac5fdf4245e027d767e7c3ac272a1f40a65,0xc3d688b66703497daa19211eedff47f25384cdc3,,unknown,0
0x427f2ac5fdf4245e027d767e7c3ac272a1f40a65,0x5681efb4236e6e8396661f58c65b6b08aa4775038115a3945b749a979f8bac2e,2022-11-21T18:20:35Z,0x427f2ac5fdf4245e027d767e7c3ac272a1f40a65,0xc3d688b66703497daa19211eedff47f25384cdc3,,unknown,0
0x427f2ac5fdf4245e027d767e7c3ac272a1f40a65,0x5f750478652c74f2f460e062716931fb5999bd5269e3ac6a51e294518d76d4bd,2020-03-20T15:21:37Z,0x427f2ac5fdf4245e027d767e7c3ac272a1f40a65,0x5d3a536e4d6dbd6114cc1ead35777bab948e3643,,unknown,0
0x427f2ac5fdf4245e027d767e7c3ac272a1f40a65,0xb84f486b7601790667606cc7704bbf09b5aad43df24213235c926a3a0674de51,2020-03-17T18:04:16Z,0x427f2ac5fdf4245e027d767e7c3ac272a1f40a65,0x5d3a536e4d6dbd6114cc1ead35777bab948e3643,,unknown,0
0x427f2ac5fdf4245e027d767e7c3ac272a1f40a65,0x8156207efecfdb31d44e91118a57e1314036b669d9550197906bb20dadc49189,2020-03-16T17:50:02Z,0x427f2ac5fdf4245e027d767e7c3ac272a1f40a65,0x5d3a536e4d6dbd6114cc1ead35777bab948e3643,,unknown,0
0x427f2ac5fdf4245e027d767e7c3ac272a1f40a65,0xf1a1c248a1cfb19360c02449ec9be3546d302e9a72c96c35be2a74b05099a304,2020-03-15T22:07:57Z,0x427f2ac5fdf4245e027d767e7c3ac272a1f40a65,0x5d3a536e4d6dbd6114cc1ead35777bab948e3643,,unknown,0
0x427f2ac5fdf4245e027d767e7c3ac272a1f40a65,0xb04795d02586d4e3354bdc9131c7e53ca0a5358fa4ca5db952932e5b1fba5c65,2020-02-27T01:47:27Z,0x427f2ac5fdf4245e027d767e7c3ac272a1f40a65,0x4ddc2d193948926d02f9b1fe9e1daa0718270ed5,,unknown,0
0x427f2ac5fdf4245e027d767e7c3ac272a1f40a65,0xc4700bc955b7c561fb4a7a74995cb1002049a9d608540e5270fa95466c18f4d0,2020-02-22T13:45:28Z,0x427f2ac5fdf4245e027d767e7c3ac272a1f40a65,0x5d3a536e4d6dbd6114cc1ead35777bab948e3643,,unknown,0
0x427f2ac5fdf4245e027d767e7c3ac272a1f40a65,0xc974492fc9dcdd41508aa4b01d993c2bf06109e25c249ef6baf08395b1c299c7,2020-02-14T03:49:05Z,0x427f2ac5fdf4245e027d767e7c3ac272a1f40a65,0x5d3a536e4d6dbd6114cc1ead35777bab948e3643,,unknown,0
0x427f2ac5fdf4245e027d767e7c3ac272a1f40a65,0xb0124ff883e57ddeea1b467a4a297ec568e16c05d17e61f29c40090f9a70a260,2020-02-08T13:06:09Z,0x427f2ac5fdf4245e027d767e7c3ac272a1f40a65,0x5d3a536e4d6dbd6114cc1ead35777bab948e3643,,unknown,0
0x427f2ac5fdf4245e027d767e7c3ac272a1f40a65,0x8fc138e538fd6dc2fcf9cb7b36cb37d4c3a71ff41008beeb9dd4ab6c8d68a012,2020-02-07T03:44:48Z,0x427f2ac5fdf4245e027d767e7c3ac272a1f40a65,0x5d3a536e4d6dbd6114cc1ead35777bab948e3643,,unknown,0
0x427f2ac5fdf4245e027d767e7c3ac272a1f40a65,0x4745c3ae780babfa3f6e69c538ed3058e238e3a5a5ecb49184b7a97a6fbd26c7,2020-02-07T03:23:23Z,0x427f2ac5fdf4245e027d767e7c3ac272a1f40a65,0x4ddc2d193948926d02f9b1fe9e1daa0718270ed5,,unknown,0
0x427f2ac5fdf4245e027d767e7c3ac272a1f40a65,0x49070f9cfb8bff5037aa203882dee1be694a61264b2e89b65e575ce784b007d7,2020-02-05T23:31:06Z,0x427f2ac5fdf4245e027d767e7c3ac272a1f40a65,0x5d3a536e4d6dbd6114cc1ead35777bab948e3643,,unknown,0
0x427f2ac5fdf4245e027d767e7c3ac272a1f40a65,0x7a1a30132f113a5e77e6758ca6406c74487d908cac9ce29995a52f2ca5e259d4,2020-02-05T18:16:35Z,0x427f2ac5fdf4245e027d767e7c3ac272a1f40a65,0x4ddc2d193948926d02f9b1fe9e1daa0718270ed5,,unknown,0
0x427f2ac5fdf4245e027d767e7c3ac272a1f40a65,0x7bc1334cf990f5c1806aa3ff5515b1e92a9a2de58031e98dae68528285b87423,2020-02-05T16:13:34Z,0x427f2ac5fdf4245e027d767e7c3ac272a1f40a65,0x5d3a536e4d6dbd6114cc1ead35777bab948e3643,,unknown,0
0x427f2ac5fdf4245e027d767e7c3ac272a1f40a65,0x468296cdb3c3cb78d6548f52a887a09c0538950cd030224e28af6021f0f58f0f,2020-02-05T16:12:22Z,0x427f2ac5fdf4245e027d767e7c3ac272a1f40a65,0x5d3a536e4d6dbd6114cc1ead35777bab948e3643,,unknown,0
0x427f2ac5fdf4245e027d767e7c3ac272a1f40a65,0x3678f197f4feaa6364d4dde3646cc82a126243c1d6e8db916c41bf5826a61bef,2019-12-31T14:16:45Z,0x427f2ac5fdf4245e027d767e7c3ac272a1f40a65,0x5d3a536e4d6dbd6114cc1ead35777bab948e3643,,unknown,0
0x427f2ac5fdf4245e027d767e7c3ac272a1f40a65,0xac517a0d7da7a80abcc304afc5677183b3cbeaae405c7b2654fa89938d3a3e36,2019-12-31T13:30:23Z,0x427f2ac5fdf4245e027d767e7c3ac272a1f40a65,0x5d3a536e4d6dbd6114cc1ead35777bab948e3643,,unknown,0
0x427f2ac5fdf4245e027d767e7c3ac272a1f40a65,0x0ff2e9260f0c242a93c02aea75f042e9dd570d5181b4fd21e95477ba19f72f70,2019-12-23T02:25:17Z,0x427f2ac5fdf4245e027d767e7c3ac272a1f40a65,0x5d3a536e4d6dbd6114cc1ead35777bab948e3643,,unknown,0
0x427f2ac5fdf4245e027d767e7c3ac272a1f40a65,0x2d09e2b0b4761b7e7b4ce05a96feef03a952131cdb4855ed3590e5b5b915da9d,2019-12-23T00:12:21Z,0x427f2ac5fdf4245e027d767e7c3ac272a1f40a65,0x5d3a536e4d6dbd6114cc1ead35777bab948e3643,,unknown,0
0x427f2ac5fdf4245e027d767e7c3ac272a1f40a65,0xbb54a44a90b19b1261b57de78254833f3ce10b2ef63ed20f5ef831ebb89d943c,2019-12-19T02:07:45Z,0x427f2ac5fdf4245e027d767e7c3ac272a1f40a65,0x5d3a536e4d6dbd6114cc1ead35777bab948e3643,,unknown,0
0x427f2ac5fdf4245e027d767e7c3ac272a1f40a65,0xd3938991caba52ac2ee76a6b754983b1d6a4b46f8b48fa0a38f0e199dd404a94,2019-12-18T02:25:33Z,0x427f2ac5fdf4245e027d767e7c3ac272a1f40a65,0x5d3a536e4d6dbd6114cc1ead35777bab948e3643,,unknown,0
0x427f2ac5fdf4245e027d767e7c3ac272a1f40a65,0x58c8287a49d37f4f72d5f5a3f99a178055defebab22c917c07f7ce44ecde7561,2019-12-18T02:20:21Z,0x427f2ac5fdf4245e027d767e7c3ac272a1f40a65,0x4ddc2d193948926d02f9b1fe9e1daa0718270ed5,,unknown,0
0x427f2ac5fdf4245e027d767e7c3ac272a1f40a65,0xb886d1b3c83ffa4a9ccd86996f6883f04792a6cb7ecb6f3b27d8450d860503da,2019-12-17T17:43:29Z,0x427f2ac5fdf4245e027d767e7c3ac272a1f40a65,0x5d3a536e4d6dbd6114cc1ead35777bab948e3643,,unknown,0
0x427f2ac5fdf4245e027d767e7c3ac272a1f40a65,0xe19ecf9c2d09a0f89a26b73609799678f6237bacc4c78f82f70898f8722e284c,2019-12-13T22:46:26Z,0x427f2ac5fdf4245e027d767e7c3ac272a1f40a65,0x5d3a536e4d6dbd6114cc1ead35777bab948e3643,,unknown,0
0x427f2ac5fdf4245e027d767e7c3ac272a1f40a65,0x9cb497a5034a3ddc790c40196eb567481be83c55219726eb9890751d0be95a77,2019-12-13T22:45:38Z,0x427f2ac5fdf4245e027d767e7c3ac272a1f40a65,0x3d9819210a31b4961b30ef54be2aed79b9c9cd3b,,unknown,0
0x427f2ac5fdf4245e027d767e7c3ac272a1f40a65,0xc4dd13821bbab177b708a771bcb43142c0e0a57269d2db0b21557cb60efea220,2019-11-26T22:24:11Z,0x427f2ac5fdf4245e027d767e7c3ac272a1f40a65,0x3d9819210a31b4961b30ef54be2aed79b9c9cd3b,,unknown,0
0x427f2ac5fdf4245e027d767e7c3ac272a1f40a65,0x5abbd9b405119fa49d540776a0eaa12421f6e372d2b38b75d6ec4647aeb1bd7c,2019-11-10T18:11:56Z,0x427f2ac5fdf4245e027d767e7c3ac272a1f40a65,0x4ddc2d193948926d02f9b1fe9e1daa0718270ed5,,unknown,1500000000000000000
0x427f2ac5fdf4245e027d767e7c3ac272a1f40a65,0xc3c69e10bbe1ed1719879850fb059b9adcb32c6be173e52bc84e3383f2f5cbb8,2019-10-27T18:05:22Z,0x427f2ac5fdf4245e027d767e7c3ac272a1f40a65,0x4ddc2d193948926d02f9b1fe9e1daa0718270ed5,,unknown,975000000000000000
0x427f2ac5fdf4245e027d767e7c3ac272a1f40a65,0xc80de575c73ea4b24003e707dc4bf87366513c810c45ea4ca54c305bfb9243df,2019-09-01T22:38:57Z,0x427f2ac5fdf4245e027d767e7c3ac272a1f40a65,0x4ddc2d193948926d02f9b1fe9e1daa0718270ed5,,unknown,3219955918950000000
0x427f2ac5fdf4245e027d767e7c3ac272a1f40a65,0xa690893b8e377bb3acc069455d8c6181c0e27b1d19649793ff55b17cde000f88,2019-08-09T23:32:26Z,0x427f2ac5fdf4245e027d767e7c3ac272a1f40a65,0x4ddc2d193948926d02f9b1fe9e1daa0718270ed5,,unknown,1498997525500000000
0x427f2ac5fdf4245e027d767e7c3ac272a1f40a65,0xf9e8dc4d274c4a5d8932138753c558c38ae5dccc131cd8ae76fb8ff0c480f22f,2019-08-07T13:37:35Z,0x427f2ac5fdf4245e027d767e7c3ac272a1f40a65,0x4ddc2d193948926d02f9b1fe9e1daa0718270ed5,,unknown,998368688650000000
0x427f2ac5fdf4245e027d767e7c3ac272a1f40a65,0xd2885de0f97e4ee5e0746a4377a46bbae6465cbf9f1b1673b412ee013646f6fc,2019-08-02T14:18:06Z,0x427f2ac5fdf4245e027d767e7c3ac272a1f40a65,0x4ddc2d193948926d02f9b1fe9e1daa0718270ed5,,unknown,309423651500000000
0x427f2ac5fdf4245e027d767e7c3ac272a1f40a65,0xc13023c0404c15318bf346cb375c66a6b78e37378a8e9fe711f5a750f9ff72ac,2019-08-01T15:30:39Z,0x427f2ac5fdf4245e027d767e7c3ac272a1f40a65,0x4ddc2d193948926d02f9b1fe9e1daa0718270ed5,,unknown,1018706535850000000
0x427f2ac5fdf4245e027d767e7c3ac272a1f40a65,0x4f809f5ba77567fa03c08a52a2c7693a7b389d9a67a69778a20a27c5933c04b1,2019-07-31T21:05:22Z,0x427f2ac5fdf4245e027d767e7c3ac272a1f40a65,0x4ddc2d193948926d02f9b1fe9e1daa0718270ed5,,unknown,3674362514000000000
0x427f2ac5fdf4245e027d767e7c3ac272a1f40a65,0x6a9fb780ba4d2ed5ea9702606b00ce5b64cf93e7c4940b19a2e093708cb2d4b3,2019-07-30T19:35:55Z,0x427f2ac5fdf4245e027d767e7c3ac272a1f40a65,0x4ddc2d193948926d02f9b1fe9e1daa0718270ed5,,unknown,974904830000000000
0x4814be124d7fe3b240eb46061f7ddfab468fe122,0xd186425dc867b4ed57be0b86ab154fee40e4507f2d676d528e9480ee00aa96ae,2021-03-28T15:06:51Z,0x4814be124d7fe3b240eb46061f7ddfab468fe122,0x39aa39c021dfbae8fac545936693ac917d5e7563,,unknown,0
0x4814be124d7fe3b240eb46061f7ddfab468fe122,0x242f1e998d7117b126bcc9bcc8268532b38a8d909c25f420c3458853870504e0,2021-03-28T15:05:18Z,0x4814be124d7fe3b240eb46061f7ddfab468fe122,0x39aa39c021dfbae8fac545936693ac917d5e7563,,unknown,0
0x4814be124d7fe3b240eb46061f7ddfab468fe122,0x5df76792bf646731ff13ee004ba9123ad94d05a41c5728d00b4d810df94d62af,2021-03-28T14:59:28Z,0x4814be124d7fe3b240eb46061f7ddfab468fe122,0x5d3a536e4d6dbd6114cc1ead35777bab948e3643,,unknown,0
0x4814be124d7fe3b240eb46061f7ddfab468fe122,0xc1deba9f66308373a7514d1894e26ecca8a3cca6dc017d5716d121ad660af14e,2021-03-28T14:57:20Z,0x4814be124d7fe3b240eb46061f7ddfab468fe122,0x3d9819210a31b4961b30ef54be2aed79b9c9cd3b,,unknown,0
0x4814be124d7fe3b240eb46061f7ddfab468fe122,0x4afc1919c9a4dceb2a85486c2274448a21c525bb53035d7c2a2e12405fd39f18,2020-12-31T20:56:28Z,0x4814be124d7fe3b240eb46061f7ddfab468fe122,0x5d3a536e4d6dbd6114cc1ead35777bab948e3643,,unknown,0
0x4814be124d7fe3b240eb46061f7ddfab468fe122,0xd1b74dfac9ca5b61bc14c12ded15b2c6f5b7cf8d89f41a4c8492b37c933caf28,2020-12-26T22:11:36Z,0x4814be124d7fe3b240eb46061f7ddfab468fe122,0x39aa39c021dfbae8fac545936693ac917d5e7563,,unknown,0
0x4814be124d7fe3b240eb46061f7ddfab468fe122,0x43d6271ac9050fc36a96ada65339eaa51cc19bd166a8a4f3503200384e8f7ba5,2020-12-13T03:07:40Z,0x4814be124d7fe3b240eb46061f7ddfab468fe122,0x39aa39c021dfbae8fac545936693ac917d5e7563,,unknown,0
0x4814be124d7fe3b240eb46061f7ddfab468fe122,0xda3bcb6d5b772ecaefb93856eebfb53259fe3f6be5c88307378e2b9bc48b0380,2020-12-13T02:28:21Z,0x4814be124d7fe3b240eb46061f7ddfab468fe122,0x3d9819210a31b4961b30ef54be2aed79b9c9cd3b,,unknown,0
0x4814be124d7fe3b240eb46061f7ddfab468fe122,0xab62414fa814c6398cffa82422cd1d8aa5d5ccac4454113fb12afa397530e7fe,2020-12-13T02:23:03Z,0x4814be124d7fe3b240eb46061f7ddfab468fe122,0x3d9819210a31b4961b30ef54be2aed79b9c9cd3b,,unknown,0
0x4814be124d7fe3b240eb46061f7ddfab468fe122,0xc11dde8054bb2319ef326fdbf8c47ccf8f4c4e149e249f95bafbd8fe6a0d9563,2020-12-13T02:23:03Z,0x4814be124d7fe3b240eb46061f7ddfab468fe122,0x3d9819210a31b4961b30ef54be2aed79b9c9cd3b,,unknown,0
0x4814be124d7fe3b240eb46061f7ddfab468fe122,0x7ed353110a0c9652945a704f8297688884ca63b088db566a2fbf497819d8d553,2020-12-13T02:23:03Z,0x4814be124d7fe3b240eb46061f7ddfab468fe122,0x3d9819210a31b4961b30ef54be2aed79b9c9cd3b,,unknown,0
0x4814be124d7fe3b240eb46061f7ddfab468fe122,0x53cd9aa43ecf2c3f8b201dc52d5078d78afb58b8058790f561c9e6fd49bdc2c3,2020-12-13T02:10:34Z,0x4814be124d7fe3b240eb46061f7ddfab468fe122,0x3d9819210a31b4961b30ef54be2aed79b9c9cd3b,,unknown,0
0x4814be124d7fe3b240eb46061f7ddfab468fe122,0xf4477f2a4bfda8bbe2f21d68227a822f11f923604006d8c42e63c306acf45b6c,2020-12-13T02:10:34Z,0x4814be124d7fe3b240eb46061f7ddfab468fe122,0x3d9819210a31b4961b30ef54be2aed79b9c9cd3b,,unknown,0
0x4814be124d7fe3b240eb46061f7ddfab468fe122,0x7c334c26bcd8bec9a052507a17e18b42da5f1e9dfd9134b1c4f5fd772f6d8264,2020-12-13T01:55:24Z,0x4814be124d7fe3b240eb46061f7ddfab468fe122,0x3d9819210a31b4961b30ef54be2aed79b9c9cd3b,,unknown,0
0x4814be124d7fe3b240eb46061f7ddfab468fe122,0x7ebcc7b57e2634b12474b2abcb244a896705bf20831db0f45ae5338ba50ab704,2020-12-13T01:54:53Z,0x4814be124d7fe3b240eb46061f7ddfab468fe122,0x3d9819210a31b4961b30ef54be2aed79b9c9cd3b,,unknown,0
0x4814be124d7fe3b240eb46061f7ddfab468fe122,0x3118053ca798e5a1eb24a658f6d461ace44eba3bfca7cf416222bb7c68f80613,2020-12-13T01:54:53Z,0x4814be124d7fe3b240eb46061f7ddfab468fe122,0x3d9819210a31b4961b30ef54be2aed79b9c9cd3b,,unknown,0
0x4814be124d7fe3b240eb46061f7ddfab468fe122,0xfbbef6c80b5a411a4fecd715820b40fa77102792c48f0abc2b3a48c2f0ccbe02,2020-12-04T19:49:15Z,0xbbabb175343e0fd08eaeb50477e4dfb8b18aeded,0x4ddc2d193948926d02f9b1fe9e1daa0718270ed5,,unknown,171526714639000860
0x4814be124d7fe3b240eb46061f7ddfab468fe122,0xca1dd65651213efc41dceba7d6fd5729eb8b3403393b2aebae3439558edc20a1,2020-11-24T06:16:37Z,0x5312c0b7a9b2cf42f0966ac614b82f37a769eb63,0x4ddc2d193948926d02f9b1fe9e1daa0718270ed5,,unknown,404855334853492750
0x4814be124d7fe3b240eb46061f7ddfab468fe122,0x5c5186b2d75a595786870bae3918aebaeebf3d9e1bab82dcbcf3f8432f55f9d2,2020-11-06T16:34:53Z,0x4814be124d7fe3b240eb46061f7ddfab468fe122,0x3d9819210a31b4961b30ef54be2aed79b9c9cd3b,,unknown,0
0x4814be124d7fe3b240eb46061f7ddfab468fe122,0x37891ade23d8ca5abc71dad6e3646bc1241e9df499af43da56fa8e9bcfe4a113,2020-11-05T02:14:14Z,0x4814be124d7fe3b240eb46061f7ddfab468fe122,0x5d3a536e4d6dbd6114cc1ead35777bab948e3643,,unknown,0
0x4814be124d7fe3b240eb46061f7ddfab468fe122,0x4a5653d9bca9c87b028f2c64f3a6bf971ed6ffa2f085318de16d645b3e8a709d,2020-11-05T01:25:37Z,0x4814be124d7fe3b240eb46061f7ddfab468fe122,0x4ddc2d193948926d02f9b1fe9e1daa0718270ed5,,unknown,0
0x4814be124d7fe3b240eb46061f7ddfab468fe122,0x22ee9afff0412dd1607c1614733bc7e58e3077b1bb173eee1d8890eb416fb6ed,2020-11-05T00:32:13Z,0x4814be124d7fe3b240eb46061f7ddfab468fe122,0x3d9819210a31b4961b30ef54be2aed79b9c9cd3b,,unknown,0
0x4814be124d7fe3b240eb46061f7ddfab468fe122,0xa35272d8f586786dc82e1e6e80508e82dd55527065b130de2036ec6890218d48,2020-11-04T23:10:05Z,0x4814be124d7fe3b240eb46061f7ddfab468fe122,0x3d9819210a31b4961b30ef54be2aed79b9c9cd3b,,unknown,0
0x4814be124d7fe3b240eb46061f7ddfab468fe122,0x94f8d5c010eeb41456ce555d7759493f95a20cb406e98169e915c04f718e8512,2020-11-02T16:52:04Z,0x4814be124d7fe3b240eb46061f7ddfab468fe122,0x5d3a536e4d6dbd6114cc1ead35777bab948e3643,,unknown,0
0x4814be124d7fe3b240eb46061f7ddfab468fe122,0x6c87d189392810c1c6ed7f85613b4736dce4fc86bd8074265c76e453648d76ac,2020-11-01T18:38:46Z,0x4814be124d7fe3b240eb46061f7ddfab468fe122,0x39aa39c021dfbae8fac545936693ac917d5e7563,,unknown,0
0x4814be124d7fe3b240eb46061f7ddfab468fe122,0x744dae48c78481c6a73833ad89fab02bb26d5d5bbbe83bd33874dc8cda4e033e,2020-11-01T18:13:03Z,0x4814be124d7fe3b240eb46061f7ddfab468fe122,0x4ddc2d193948926d02f9b1fe9e1daa0718270ed5,,unknown,0
0x4814be124d7fe3b240eb46061f7ddfab468fe122,0x583022ec31ad06504864d22a4dad9ab9907f01e029ea300988968d9164a0dbb8,2020-11-01T05:59:17Z,0x4814be124d7fe3b240eb46061f7ddfab468fe122,0x3d9819210a31b4961b30ef54be2aed79b9c9cd3b,,unknown,0
0x4814be124d7fe3b240eb46061f7ddfab468fe122,0xb56a9598568b42c8e4317d2e4146c3ccaba40186e0eb7e1fa0c72ac098e38b0a,2020-11-01T03:23:51Z,0x4814be124d7fe3b240eb46061f7ddfab468fe122,0x3d9819210a31b4961b30ef54be2aed79b9c9cd3b,,unknown,0
0x4814be124d7fe3b240eb46061f7ddfab468fe122,0x55501cbaf8091add80f5d8c7de695a7970f9388d20ab8e760d4ddfb26aee5315,2020-11-01T02:58:57Z,0x4814be124d7fe3b240eb46061f7ddfab468fe122,0x39aa39c021dfbae8fac545936693ac917d5e7563,,unknown,0
0x4814be124d7fe3b240eb46061f7ddfab468fe122,0x7199618d408af931c42a204106100358e2814c43fccae03eae5443b46c2fd8c8,2020-11-01T02:56:46Z,0x4814be124d7fe3b240eb46061f7ddfab468fe122,0x3d9819210a31b4961b30ef54be2aed79b9c9cd3b,,unknown,0
0x4814be124d7fe3b240eb46061f7ddfab468fe122,0x1e4b2f32b8b464883811040fe2ae6b80cc4e63240a470aaf3e57f8acf0edb676,2020-11-01T02:48:56Z,0x4814be124d7fe3b240eb46061f7ddfab468fe122,0x3d9819210a31b4961b30ef54be2aed79b9c9cd3b,,unknown,0
0x4814be124d7fe3b240eb46061f7ddfab468fe122,0xafd2d396e2ec4a0839e80ef6d5da173b65838f2036bf5df82ca6b85603cdbea9,2020-11-01T01:51:49Z,0x4814be124d7fe3b240eb46061f7ddfab468fe122,0x3d9819210a31b4961b30ef54be2aed79b9c9cd3b,,unknown,0
0x4814be124d7fe3b240eb46061f7ddfab468fe122,0xac2454766cf817c041fc6a742bc57e38d10b52e3e5f2468384b52e9103769ecb,2020-11-01T01:27:47Z,0x4814be124d7fe3b240eb46061f7ddfab468fe122,0x39aa39c021dfbae8fac545936693ac917d5e7563,,unknown,0
0x4814be124d7fe3b240eb46061f7ddfab468fe122,0x3de0c25638fb0d7179ccec6563ca7502cbbc81fda13da982359a9f03783f80b2,2020-11-01T01:26:52Z,0x4814be124d7fe3b240eb46061f7ddfab468fe122,0x5d3a536e4d6dbd6114cc1ead35777bab948e3643,,unknown,0
0x4814be124d7fe3b240eb46061f7ddfab468fe122,0xd866578bccd8e2dd6a3ef6545d02918221f5ed734bb1c00ef2417f46572fe06d,2020-10-31T20:07:53Z,0x4814be124d7fe3b240eb46061f7ddfab468fe122,0x3d9819210a31b4961b30ef54be2aed79b9c9cd3b,,unknown,0
0x4814be124d7fe3b240eb46061f7ddfab468fe122,0x25a3c27bb38ce51577eb2bffb2b530497553a6c936214918aa254d3e1b9d3d98,2020-10-31T16:50:03Z,0x4814be124d7fe3b240eb46061f7ddfab468fe122,0x4ddc2d193948926d02f9b1fe9e1daa0718270ed5,,unknown,0
0x4814be124d7fe3b240eb46061f7ddfab468fe122,0xaea72ebf30347058f233f960bb6683dfed519881a6a6a387d65e007ff920dc28,2020-10-31T03:45:04Z,0x4814be124d7fe3b240eb46061f7ddfab468fe122,0x3d9819210a31b4961b30ef54be2aed79b9c9cd3b,,unknown,0
0x4814be124d7fe3b240eb46061f7ddfab468fe122,0x439b727a9e1de9d277c7387b069b3562a88940fc40d7886be97af7a8c9f81085,2020-10-31T00:47:14Z,0x4814be124d7fe3b240eb46061f7ddfab468fe122,0x5d3a536e4d6dbd6114cc1ead35777bab948e3643,,unknown,0
0x4814be124d7fe3b240eb46061f7ddfab468fe122,0xd5cfa6f78a717854e9505663660355d62adce3d1d1081c8a0beaecb77da3756d,2020-10-30T22:33:41Z,0x4814be124d7fe3b240eb46061f7ddfab468fe122,0x4ddc2d193948926d02f9b1fe9e1daa0718270ed5,,unknown,0
0x4814be124d7fe3b240eb46061f7ddfab468fe122,0x12f21791d16fa6d7cc131aff4a7eb9bfd4595e0da0b5b530c666f4f90d3221cb,2020-10-30T22:31:41Z,0x4814be124d7fe3b240eb46061f7ddfab468fe122,0x3d9819210a31b4961b30ef54be2aed79b9c9cd3b,,unknown,0
0x4814be124d7fe3b240eb46061f7ddfab468fe122,0x8d611291d0f8deb9bba9458bd9a2290c7f16656275560c9b5402ac08f90c368a,2020-10-29T14:09:17Z,0x4814be124d7fe3b240eb46061f7ddfab468fe122,0x4ddc2d193948926d02f9b1fe9e1daa0718270ed5,,unknown,220515585172952230
0x4814be124d7fe3b240eb46061f7ddfab468fe122,0x09e461403f6d8c20e943fe67d29ea283d37169fe3097c7eafe54f1bdd260087b,2020-10-29T05:51:52Z,0x4814be124d7fe3b240eb46061f7ddfab468fe122,0x3d9819210a31b4961b30ef54be2aed79b9c9cd3b,,unknown,0
0x4814be124d7fe3b240eb46061f7ddfab468fe122,0x9018ea6fbb46bb8d9ba8e1ea23c7e139e463df6a652ebf47638edf8750b76e84,2020-10-29T04:05:42Z,0x4814be124d7fe3b240eb46061f7ddfab468fe122,0x4ddc2d193948926d02f9b1fe9e1daa0718270ed5,,unknown,0
0x4814be124d7fe3b240eb46061f7ddfab468fe122,0x31ef199b9635d4f26d067adb1a4a11b75b8a8646d357a4ff6a65d030fb0ad49e,2020-10-29T03:35:11Z,0x4814be124d7fe3b240eb46061f7ddfab468fe122,0x3d9819210a31b4961b30ef54be2aed79b9c9cd3b,,unknown,0
0x4814be124d7fe3b240eb46061f7ddfab468fe122,0x32549cbe940cd61aaa1bf802b097fe74a7d320c49d1ea70c78b0700cf5415bfb,2020-10-29T03:35:10Z,0x4814be124d7fe3b240eb46061f7ddfab468fe122,0x3d9819210a31b4961b30ef54be2aed79b9c9cd3b,,unknown,0
0x4814be124d7fe3b240eb46061f7ddfab468fe122,0x92bb3e918e08bfa4fd0eec984baebda21aa839965ee66baef4840e307031c787,2020-10-29T03:33:36Z,0x4814be124d7fe3b240eb46061f7ddfab468fe122,0x5d3a536e4d6dbd6114cc1ead35777bab948e3643,,unknown,0
0x4814be124d7fe3b240eb46061f7ddfab468fe122,0x247e843408082b34255d6eda64eb55fd352214c1453e6b138bb0aae385a3942e,2020-10-29T03:18:40Z,0x4814be124d7fe3b240eb46061f7ddfab468fe122,0x3d9819210a31b4961b30ef54be2aed79b9c9cd3b,,unknown,0
0x4814be124d7fe3b240eb46061f7ddfab468fe122,0x2fe2e96b5c4c3eb805d24f1f1067c1523829032ebff953858613b02040ae9c51,2020-10-28T03:36:01Z,0x4814be124d7fe3b240eb46061f7ddfab468fe122,0x39aa39c021dfbae8fac545936693ac917d5e7563,,unknown,0
0x4814be124d7fe3b240eb46061f7ddfab468fe122,0x8aacb98d4954ef92e2be6c295fa56525e40a7fffec01c9e114fbb9c4518bc3f3,2020-10-26T23:43:40Z,0x4814be124d7fe3b240eb46061f7ddfab468fe122,0x4ddc2d193948926d02f9b1fe9e1daa0718270ed5,,unknown,16144719000000000
0x4814be124d7fe3b240eb46061f7ddfab468fe122,0xd682e71a1b40fe4b4fbdc01bcd90ab9e040ecba2541852c402342ccd419f957f,2020-10-26T22:11:04Z,0x4814be124d7fe3b240eb46061f7ddfab468fe122,0x5d3a536e4d6dbd6114cc1ead35777bab948e3643,,unknown,0
0x4814be124d7fe3b240eb46061f7ddfab468fe122,0x99fa70671a6ea9ca0108d765ea6a68355bc80e291727cbbd0dfc5ff802e0a901,2020-10-26T19:35:05Z,0x4814be124d7fe3b240eb46061f7ddfab468fe122,0x4ddc2d193948926d02f9b1fe9e1daa0718270ed5,,unknown,9972920000000000
0x4814be124d7fe3b240eb46061f7ddfab468fe122,0x0f095a73f96388bb5c4a0f997384b2a96c574c3cdfe4b4cf740ba13daba3ca12,2020-10-26T19:33:00Z,0x4814be124d7fe3b240eb46061f7ddfab468fe122,0x39aa39c021dfbae8fac545936693ac917d5e7563,,unknown,0
0x4839e666e2baf12a51bf004392b35972eeddeabf,0xe751c54e2e3c9010c631cb3f9bbdfdb8f9419a58b03cd861b20a955eeb77cdde,2021-02-09T09:04:10Z,0x4839e666e2baf12a51bf004392b35972eeddeabf,0x5d3a536e4d6dbd6114cc1ead35777bab948e3643,,unknown,0
0x4839e666e2baf12a51bf004392b35972eeddeabf,0x88b673c7d74e3cdaf79d9b6861b87a60afe85959ff56a115e733c9c9755e1417,2021-02-09T09:01:05Z,0x4839e666e2baf12a51bf004392b35972eeddeabf,0x39aa39c021dfbae8fac545936693ac917d5e7563,,unknown,0
0x4839e666e2baf12a51bf004392b35972eeddeabf,0x0c053dc9f2e726c573a21ae77290cc48698aad45dd5bd08a70c448c3d732a6e2,2020-12-29T17:46:39Z,0x4839e666e2baf12a51bf004392b35972eeddeabf,0x5d3a536e4d6dbd6114cc1ead35777bab948e3643,,unknown,0
0x4839e666e2baf12a51bf004392b35972eeddeabf,0xdf7e217c91157c6bbc0f74ecb3fcd8d928ea36f3a126402337c1b5c41a0265e2,2020-12-29T17:23:48Z,0x4839e666e2baf12a51bf004392b35972eeddeabf,0x5d3a536e4d6dbd6114cc1ead35777bab948e3643,,unknown,0
0x4839e666e2baf12a51bf004392b35972eeddeabf,0x09c8a7f8946acc01021c805816509a7162e430264501902c93facf3c37b3e21b,2020-12-29T17:22:50Z,0x4839e666e2baf12a51bf004392b35972eeddeabf,0x39aa39c021dfbae8fac545936693ac917d5e7563,,unknown,0
0x4c4d05fe859279c91b074429b5fc451182cec745,0xf633aca0adfe4b70f606b6c8a368ebc7a6baa87762906c4831862c65097d1822,2020-12-17T22:27:43Z,0x4c4d05fe859279c91b074429b5fc451182cec745,0x4ddc2d193948926d02f9b1fe9e1daa0718270ed5,,unknown,4188499200000000
0x4d997c89bc659a3e8452038a8101161e7e7e53a7,0x7c14e0e43d4c7fa364a67c4c1b7e020af325e4f4fa5851ec6ed137b4a05784fa,2019-08-09T19:57:54Z,0x4d997c89bc659a3e8452038a8101161e7e7e53a7,0x4ddc2d193948926d02f9b1fe9e1daa0718270ed5,,unknown,0
0x4d997c89bc659a3e8452038a8101161e7e7e53a7,0x3f6f5329b96515b1b547b7263e885506b34911cec66f24d53e8155cec566df08,2019-08-09T19:55:05Z,0x4d997c89bc659a3e8452038a8101161e7e7e53a7,0x3d9819210a31b4961b30ef54be2aed79b9c9cd3b,,unknown,0
0x4d997c89bc659a3e8452038a8101161e7e7e53a7,0x595b4f8caba4da0dbfb30c327ef9bccb8278f42314604a0024a0dc0d91a6606a,2019-08-07T21:52:37Z,0x4d997c89bc659a3e8452038a8101161e7e7e53a7,0x4ddc2d193948926d02f9b1fe9e1daa0718270ed5,,unknown,975000000000000000
0x4db0a72edb5ea6c55df929f76e7d5bb14e389860,0xe4ce9997682cd3d2edb2d5484369866d44c989ab1aba814aece20a989d388bae,2020-11-22T22:30:03Z,0x4db0a72edb5ea6c55df929f76e7d5bb14e389860,0x39aa39c021dfbae8fac545936693ac917d5e7563,,unknown,0
0x4e61251336c32e4fe6bfd5fab014846599321389,0x2d3a247405f5f5d334dacda655161aa5a96a146c45afbbc657ca309de8772cd6,2020-12-14T18:07:54Z,0x4e61251336c32e4fe6bfd5fab014846599321389,0x39aa39c021dfbae8fac545936693ac917d5e7563,,unknown,0
0x4e6e724f4163b24ffc7ffe662b5f6815b18b4210,0x8e50f062366d60d9e82f09023632a9d54b107f568bfefb8bf5466fdd3d2c635a,2020-10-28T22:57:02Z,0x4e6e724f4163b24ffc7ffe662b5f6815b18b4210,0x39aa39c021dfbae8fac545936693ac917d5e7563,,unknown,0
0x507b6c0d950702f066a9a1bd5e85206f87b065ba,0xd90cfcf39972bec7cd9021ceddbf31f48ae7a7f3efbfbe6249adb7e50e2b55bc,2021-10-04T15:51:10Z,0x507b6c0d950702f066a9a1bd5e85206f87b065ba,0x4ddc2d193948926d02f9b1fe9e1daa0718270ed5,,unknown,0
0x507b6c0d950702f066a9a1bd5e85206f87b065ba,0x5685cf6cfc275ed26bc6889f6bcb4b0f0726d23863847d59c2e3b4cb47dd9ca2,2021-08-14T23:26:21Z,0x507b6c0d950702f066a9a1bd5e85206f87b065ba,0x4ddc2d193948926d02f9b1fe9e1daa0718270ed5,,unknown,7038252070390801
0x507b6c0d950702f066a9a1bd5e85206f87b065ba,0x7194299214f7c6014eb05d2fd27894aab2422bfef63f421008b08a018704f6a0,2021-08-14T19:19:24Z,0x507b6c0d950702f066a9a1bd5e85206f87b065ba,0x4ddc2d193948926d02f9b1fe9e1daa0718270ed5,,unknown,45906400100000000
0x56ba823641bfc317afc8459bf27feed6eb9ff59f,0x9b19f476e93f69feb63440b5fcb1ac8297930a3b2738f232b15785d361417309,2020-11-19T11:31:25Z,0x56ba823641bfc317afc8459bf27feed6eb9ff59f,0x39aa39c021dfbae8fac545936693ac917d5e7563,,unknown,0
0x56cc2bffcb3f86a30c492f9d1a671a1f744d1d2f,0x7875e4b5c9229539fcb3dd9128dde1329de7bfafd86830598d5ac367ecab260a,2020-11-03T19:55:26Z,0x56cc2bffcb3f86a30c492f9d1a671a1f744d1d2f,0x39aa39c021dfbae8fac545936693ac917d5e7563,,unknown,0
0x578cea5f899b0dfbf05c7fbcfda1a644b2a47787,0xbb5c9f59e065dcb5999bdb227f16f44f28e3762e3326899e2d3b6a1756167fac,2020-11-21T17:35:57Z,0x578cea5f899b0dfbf05c7fbcfda1a644b2a47787,0x39aa39c021dfbae8fac545936693ac917d5e7563,,unknown,0
0x58c2a9099a03750e9842d3e9a7780cdd6aa70b86,0x1e4823d1fa696f94a1e4eba4adf25e440ce287afb2b4a1212e8518f2fa4501aa,2020-11-04T11:36:32Z,0x58c2a9099a03750e9842d3e9a7780cdd6aa70b86,0x39aa39c021dfbae8fac545936693ac917d5e7563,,unknown,0
0x58d68d4bcf9725e40353379cec92b90332561683,0x66ca24673a5f597e9fa4d8d9f9f7d336e622f0a9c21c1c3b61af15da4c88aa9e,2025-01-27T02:16:47Z,0x58d68d4bcf9725e40353379cec92b90332561683,0x4ddc2d193948926d02f9b1fe9e1daa0718270ed5,,unknown,0
0x58d68d4bcf9725e40353379cec92b90332561683,0x6b4dde2708430c5d1d53579d551900ae8ebbf3aa0f501e91c4d138c9f74497dd,2023-09-30T16:21:23Z,0x58d68d4bcf9725e40353379cec92b90332561683,0x4ddc2d193948926d02f9b1fe9e1daa0718270ed5,,unknown,0
0x58d68d4bcf9725e40353379cec92b90332561683,0xb547c31e0769e4078e3676a9d2a1b8c36fff6540726607423e8a0432a129bffb,2021-10-29T16:41:34Z,0x58d68d4bcf9725e40353379cec92b90332561683,0x4ddc2d193948926d02f9b1fe9e1daa0718270ed5,,unknown,0
0x58d68d4bcf9725e40353379cec92b90332561683,0x1f585c52878cdb3da41cf873459df5040a80ba68103d58775e1fffef9d80152a,2020-12-13T10:08:00Z,0x58d68d4bcf9725e40353379cec92b90332561683,0x4ddc2d193948926d02f9b1fe9e1daa0718270ed5,,unknown,1706193482340897
0x58d68d4bcf9725e40353379cec92b90332561683,0xe588ff427518704b82e44bc3c278e366a8a989a563f9bc9c9b7dbe2e671ec771,2020-12-12T19:50:11Z,0x58d68d4bcf9725e40353379cec92b90332561683,0x4ddc2d193948926d02f9b1fe9e1daa0718270ed5,,unknown,12493460700000000
0x5e324b4a564512ea7c93088dba2f8c1bf046a3eb,0x94f286638b16ac9750ee643eb941f331293740bb206cfe59d044d0df4d8e065c,2020-11-19T23:07:03Z,0x5e324b4a564512ea7c93088dba2f8c1bf046a3eb,0x39aa39c021dfbae8fac545936693ac917d5e7563,,unknown,0
0x612a3500559be7be7703de6dc397afb541a16f7f,0xe85bf396ff913eb4f7cf2e32559c99512ef9927b333e9ca93bad3c7f4c0b6e77,2021-03-09T10:22:38Z,0x612a3500559be7be7703de6dc397afb541a16f7f,0x4ddc2d193948926d02f9b1fe9e1daa0718270ed5,,unknown,0
0x612a3500559be7be7703de6dc397afb541a16f7f,0xe404727c4499af13f8466fb5a42809dce9073698236158ed9efc3cb9085315d9,2021-03-05T10:20:25Z,0x612a3500559be7be7703de6dc397afb541a16f7f,0x39aa39c021dfbae8fac545936693ac917d5e7563,,unknown,0
0x612a3500559be7be7703de6dc397afb541a16f7f,0xa4f94b3920d639804348cdbfc18b90e6262d5cbc0659dc42fa44b45e4351576e,2021-03-03T12:08:02Z,0x612a3500559be7be7703de6dc397afb541a16f7f,0x39aa39c021dfbae8fac545936693ac917d5e7563,,unknown,0
0x612a3500559be7be7703de6dc397afb541a16f7f,0xf914ac5142a68b3826d8e4143925a5e1e2dae4d59acb27dd710e2618f98f71f0,2021-03-03T11:30:10Z,0x612a3500559be7be7703de6dc397afb541a16f7f,0x3d9819210a31b4961b30ef54be2aed79b9c9cd3b,,unknown,0
0x612a3500559be7be7703de6dc397afb541a16f7f,0x4e7c76e45bb3f6cf5ffdfe6670415b5abc8816cbea332b1a16d55bba8f74619f,2021-03-03T11:24:26Z,0x612a3500559be7be7703de6dc397afb541a16f7f,0x4ddc2d193948926d02f9b1fe9e1daa0718270ed5,,unknown,5650000000000000000
0x612a3500559be7be7703de6dc397afb541a16f7f,0x137668cc0e99b76e1d4d0e709e7396d80cae4d3c5b501f515f730f243c817334,2021-03-03T11:16:57Z,0x612a3500559be7be7703de6dc397afb541a16f7f,0x3d9819210a31b4961b30ef54be2aed79b9c9cd3b,,unknown,0
0x612a3500559be7be7703de6dc397afb541a16f7f,0x375e78ed2d5a0e9d2444f38053bc28aff3f8596694a7c111af96f5e058bffc3d,2021-02-24T12:45:59Z,0x612a3500559be7be7703de6dc397afb541a16f7f,0x39aa39c021dfbae8fac545936693ac917d5e7563,,unknown,0
0x612a3500559be7be7703de6dc397afb541a16f7f,0x615ae7410e1da8bcbb3921be1ee49c6e74011ca73d29b5c0e97fa381bace5f89,2021-02-24T11:59:03Z,0x612a3500559be7be7703de6dc397afb541a16f7f,0x3d9819210a31b4961b30ef54be2aed79b9c9cd3b,,unknown,0
0x623af911f493747c216ad389c7805a37019c662d,0xdeae182e06b1b224930ce891fbc5c6c42c76498ce2a4f6846788fd7c78955256,2024-07-19T14:26:47Z,0x623af911f493747c216ad389c7805a37019c662d,0x3d9819210a31b4961b30ef54be2aed79b9c9cd3b,,unknown,0
0x623af911f493747c216ad389c7805a37019c662d,0x3f14f82ea3546f04e47aa56c16f99de500fa360b0260611002a0b2e9ab86d8ea,2021-04-24T09:45:00Z,0x623af911f493747c216ad389c7805a37019c662d,0x39aa39c021dfbae8fac545936693ac917d5e7563,,unknown,0
0x6a2752a534faacaaa153bffbb973dd84e0e5497b,0xe475415388e95e1c8e06257d7a143feaef862cf6c32244c99e61be473c445e87,2020-12-20T09:15:20Z,0x6a2752a534faacaaa153bffbb973dd84e0e5497b,0x4ddc2d193948926d02f9b1fe9e1daa0718270ed5,,unknown,1000000000000000
0x6d69ca3711e504658977367e13c300ab198379f1,0x4d7bc5327f90bac17b337ad22e1b95a74a357126e313f615098328506a600baf,2020-11-03T12:59:51Z,0x6d69ca3711e504658977367e13c300ab198379f1,0x39aa39c021dfbae8fac545936693ac917d5e7563,,unknown,0
0x6e355417f7f56e7927d1cd971f0b5a1e6d538487,0x0043063f9d3f4a6ac6ad313170fbf9ffa377b4478cd47f4500404cd0c12091cd,2020-11-24T17:38:02Z,0x6e355417f7f56e7927d1cd971f0b5a1e6d538487,0x39aa39c021dfbae8fac545936693ac917d5e7563,,unknown,0
0x6e355417f7f56e7927d1cd971f0b5a1e6d538487,0x882c50722a2838c7d2f268ef8ff76bb0ccc814db65b45625d9793dcec5054b35,2020-11-21T03:21:05Z,0x6e355417f7f56e7927d1cd971f0b5a1e6d538487,0x39aa39c021dfbae8fac545936693ac917d5e7563,,unknown,0
0x70c1864282599a762c674dd9d567b37e13bce755,0xf92a26260d7c832c963b60d6675dfdb3387ab22d6a9bd225750e39bb9d93d975,2020-11-09T21:53:47Z,0x70c1864282599a762c674dd9d567b37e13bce755,0x39aa39c021dfbae8fac545936693ac917d5e7563,,unknown,0
0x70d8e4ab175dfe0eab4e9a7f33e0a2d19f44001e,0xef0a787239cc452b6195dc1b0e893b7037fbcf06745d92170b0c1886b4673bf5,2023-01-26T02:07:59Z,0x70d8e4ab175dfe0eab4e9a7f33e0a2d19f44001e,0x3d9819210a31b4961b30ef54be2aed79b9c9cd3b,,unknown,0
0x70d8e4ab175dfe0eab4e9a7f33e0a2d19f44001e,0x12334f3cdb54f64f501437217fb7d91e2acb9b108590e08d1b042e42e4cd2348,2020-05-30T11:17:19Z,0x70d8e4ab175dfe0eab4e9a7f33e0a2d19f44001e,0x39aa39c021dfbae8fac545936693ac917d5e7563,,unknown,0
0x70d8e4ab175dfe0eab4e9a7f33e0a2d19f44001e,0x3a92f60ebc6d5e64b412b50a6f3b2c8c84f0e515441183e4b24b53bd8f643681,2020-05-30T10:14:49Z,0x70d8e4ab175dfe0eab4e9a7f33e0a2d19f44001e,0x5d3a536e4d6dbd6114cc1ead35777bab948e3643,,unknown,0
0x70d8e4ab175dfe0eab4e9a7f33e0a2d19f44001e,0xb3279480278db474bb5f480207d10908c651e9c2e55781a556b205a74f5cf76f,2020-05-27T06:07:35Z,0x70d8e4ab175dfe0eab4e9a7f33e0a2d19f44001e,0x3d9819210a31b4961b30ef54be2aed79b9c9cd3b,,unknown,0
0x70d8e4ab175dfe0eab4e9a7f33e0a2d19f44001e,0x6507e6f8d1a5e2c26d7dae262cccb98f665d9373988b469bb030aafff5e73e30,2020-05-27T06:06:13Z,0x70d8e4ab175dfe0eab4e9a7f33e0a2d19f44001e,0x4ddc2d193948926d02f9b1fe9e1daa0718270ed5,,unknown,0
0x70d8e4ab175dfe0eab4e9a7f33e0a2d19f44001e,0xbe01e441a534fa55fe9eb46b4fff844201243a5d484aba79d4abee571d30a285,2020-05-27T04:46:43Z,0x70d8e4ab175dfe0eab4e9a7f33e0a2d19f44001e,0x3d9819210a31b4961b30ef54be2aed79b9c9cd3b,,unknown,0
0x70d8e4ab175dfe0eab4e9a7f33e0a2d19f44001e,0x324fad5d39d4c7230197daed83addf19bd82e0c9610a39ae1229c108841d3515,2020-05-23T22:23:31Z,0x70d8e4ab175dfe0eab4e9a7f33e0a2d19f44001e,0x3d9819210a31b4961b30ef54be2aed79b9c9cd3b,,unknown,0
0x70d8e4ab175dfe0eab4e9a7f33e0a2d19f44001e,0xa1f560c67e3042b7ae88de6fec66c338ee165d847f8ac87615d36e7d48e7f40b,2020-05-09T12:37:19Z,0x70d8e4ab175dfe0eab4e9a7f33e0a2d19f44001e,0x4ddc2d193948926d02f9b1fe9e1daa0718270ed5,,unknown,473900000000000000
0x70d8e4ab175dfe0eab4e9a7f33e0a2d19f44001e,0x404a8e50ddc2bbc7bff6845ed2e0fe4045515df64384bd2c8a4bd4933dd57cdf,2020-05-09T12:13:11Z,0x70d8e4ab175dfe0eab4e9a7f33e0a2d19f44001e,0x4ddc2d193948926d02f9b1fe9e1daa0718270ed5,,unknown,519000000000000000
0x70d8e4ab175dfe0eab4e9a7f33e0a2d19f44001e,0xd729ea97cfdb05c908a1f3a34cd10f12c0ed54df507f59e2d73c27b4228572ae,2020-03-25T10:23:40Z,0x70d8e4ab175dfe0eab4e9a7f33e0a2d19f44001e,0x5d3a536e4d6dbd6114cc1ead35777bab948e3643,,unknown,0
0x70d8e4ab175dfe0eab4e9a7f33e0a2d19f44001e,0x24b726332331d915419b6884114d75cda9ad4c7fdb7eaf179c776a535dd78208,2020-03-16T16:45:38Z,0x70d8e4ab175dfe0eab4e9a7f33e0a2d19f44001e,0x5d3a536e4d6dbd6114cc1ead35777bab948e3643,,unknown,0
0x70d8e4ab175dfe0eab4e9a7f33e0a2d19f44001e,0xa383a027da677e4629b8978774298f3c307dc8366c929bed8d37b9f6eba1bff5,2020-03-15T12:22:14Z,0x70d8e4ab175dfe0eab4e9a7f33e0a2d19f44001e,0x5d3a536e4d6dbd6114cc1ead35777bab948e3643,,unknown,0
0x70d8e4ab175dfe0eab4e9a7f33e0a2d19f44001e,0x532dab43e09f83966e560c7494df3fc06bfbb56bc6c857f25767b49d083a3649,2020-03-15T11:34:17Z,0x70d8e4ab175dfe0eab4e9a7f33e0a2d19f44001e,0x5d3a536e4d6dbd6114cc1ead35777bab948e3643,,unknown,0
0x70d8e4ab175dfe0eab4e9a7f33e0a2d19f44001e,0x2bf675784fe0df900610c20cdc984b0d5ae81975aea7974cef8278f1b32e26dc,2020-03-15T11:21:16Z,0x70d8e4ab175dfe0eab4e9a7f33e0a2d19f44001e,0x5d3a536e4d6dbd6114cc1ead35777bab948e3643,,unknown,0
0x70d8e4ab175dfe0eab4e9a7f33e0a2d19f44001e,0x8d2f5c990b4e514227ef57978bc05fa75da4dc4b1f771a6f9ce0eb27b7d35fb4,2020-03-12T09:19:25Z,0x70d8e4ab175dfe0eab4e9a7f33e0a2d19f44001e,0x5d3a536e4d6dbd6114cc1ead35777bab948e3643,,unknown,0
0x70d8e4ab175dfe0eab4e9a7f33e0a2d19f44001e,0x4e335648862410d3bbf940dbdc40a0acc348c09e177a52863d57cafe6460877d,2020-03-09T00:09:18Z,0x70d8e4ab175dfe0eab4e9a7f33e0a2d19f44001e,0x5d3a536e4d6dbd6114cc1ead35777bab948e3643,,unknown,0
0x70d8e4ab175dfe0eab4e9a7f33e0a2d19f44001e,0xd93177ccb0312c9b3c7a28495e24c3546cb7b6d1db9af4d60632f20b408697b7,2020-02-06T05:33:09Z,0x70d8e4ab175dfe0eab4e9a7f33e0a2d19f44001e,0x5d3a536e4d6dbd6114cc1ead35777bab948e3643,,unknown,0
0x70d8e4ab175dfe0eab4e9a7f33e0a2d19f44001e,0xc7277ce85a29e3afe9078588e247b4d809e4a4872cc9341227d3d020b47cbe3e,2020-02-05T01:31:15Z,0x70d8e4ab175dfe0eab4e9a7f33e0a2d19f44001e,0x5d3a536e4d6dbd6114cc1ead35777bab948e3643,,unknown,0
0x70d8e4ab175dfe0eab4e9a7f33e0a2d19f44001e,0x7fda8509b6b0d87bea117a95719e4fc123e1ee3a7be8f83576bee46259f5568f,2020-01-30T06:40:39Z,0x70d8e4ab175dfe0eab4e9a7f33e0a2d19f44001e,0x5d3a536e4d6dbd6114cc1ead35777bab948e3643,,unknown,0
0x70d8e4ab175dfe0eab4e9a7f33e0a2d19f44001e,0xe165991aa91fbbe7067d8330e7b340ce919c68657842e1a75713c7c91624b156,2020-01-27T17:45:25Z,0x70d8e4ab175dfe0eab4e9a7f33e0a2d19f44001e,0x5d3a536e4d6dbd6114cc1ead35777bab948e3643,,unknown,0
0x70d8e4ab175dfe0eab4e9a7f33e0a2d19f44001e,0x22bd9460ee76a31895330a4803c273ea0387890f6176b5f96475fea7e5a7373e,2020-01-19T23:34:07Z,0x70d8e4ab175dfe0eab4e9a7f33e0a2d19f44001e,0x5d3a536e4d6dbd6114cc1ead35777bab948e3643,,unknown,0
0x70d8e4ab175dfe0eab4e9a7f33e0a2d19f44001e,0x6e28fb4d20ab770c67011d5be62784623269afa8168a3c7db80f4b035f484ff8,2020-01-17T06:25:08Z,0x70d8e4ab175dfe0eab4e9a7f33e0a2d19f44001e,0x5d3a536e4d6dbd6114cc1ead35777bab948e3643,,unknown,0
0x70d8e4ab175dfe0eab4e9a7f33e0a2d19f44001e,0x7695d72d847dbe4ae5eda61068905e8ad242596dfe4c4a6ed3097221bf21f85d,2020-01-10T14:27:29Z,0x70d8e4ab175dfe0eab4e9a7f33e0a2d19f44001e,0x39aa39c021dfbae8fac545936693ac917d5e7563,,unknown,0
0x70d8e4ab175dfe0eab4e9a7f33e0a2d19f44001e,0xbc22e83a64a58b50e271a10c58c86190efa2f797af108cc16159e02946744ccf,2019-12-12T13:53:27Z,0x70d8e4ab175dfe0eab4e9a7f33e0a2d19f44001e,0x5d3a536e4d6dbd6114cc1ead35777bab948e3643,,unknown,0
0x70d8e4ab175dfe0eab4e9a7f33e0a2d19f44001e,0xd5b78b70fe234c6bfcf2f65ad2b097aa4e42f2093c4a204166beacbfcc096096,2019-12-09T15:33:16Z,0x70d8e4ab175dfe0eab4e9a7f33e0a2d19f44001e,0x5d3a536e4d6dbd6114cc1ead35777bab948e3643,,unknown,0
0x70d8e4ab175dfe0eab4e9a7f33e0a2d19f44001e,0x51cb1517b8b46ddf57ac2c412bd21921694f6cb98caf1265630bbef1e94907c9,2019-12-07T03:46:35Z,0x70d8e4ab175dfe0eab4e9a7f33e0a2d19f44001e,0x4ddc2d193948926d02f9b1fe9e1daa0718270ed5,,unknown,0
0x70d8e4ab175dfe0eab4e9a7f33e0a2d19f44001e,0xa1450587ba5785f321b42635fa05f1284a849ec436d825c1afd4f856ec339b29,2019-12-05T11:31:06Z,0x70d8e4ab175dfe0eab4e9a7f33e0a2d19f44001e,0x3d9819210a31b4961b30ef54be2aed79b9c9cd3b,,unknown,0
0x70d8e4ab175dfe0eab4e9a7f33e0a2d19f44001e,0x9de578667ffc1a9bf14d3bd3dc743d663d165f7d9e91bae88ad0050ba604facf,2019-12-05T10:59:02Z,0x70d8e4ab175dfe0eab4e9a7f33e0a2d19f44001e,0x5d3a536e4d6dbd6114cc1ead35777bab948e3643,,unknown,0
0x70d8e4ab175dfe0eab4e9a7f33e0a2d19f44001e,0xb27854fd6d63fd317dc77dfce6003cc9cfb0a84ec824be5237ff18e08aebd46a,2019-12-05T09:11:23Z,0x70d8e4ab175dfe0eab4e9a7f33e0a2d19f44001e,0x5d3a536e4d6dbd6114cc1ead35777bab948e3643,,unknown,0
0x70d8e4ab175dfe0eab4e9a7f33e0a2d19f44001e,0x8c9fa03509bc7df861aae68c7c7d66c125d051528801035784c576a710ed310c,2019-12-05T00:45:36Z,0x70d8e4ab175dfe0eab4e9a7f33e0a2d19f44001e,0x5d3a536e4d6dbd6114cc1ead35777bab948e3643,,unknown,0
0x70d8e4ab175dfe0eab4e9a7f33e0a2d19f44001e,0x361bcaa3f1aad9c4ddd97854a773e8783435a976e680441ef7ff5498d6bde005,2019-12-04T05:43:53Z,0x70d8e4ab175dfe0eab4e9a7f33e0a2d19f44001e,0x39aa39c021dfbae8fac545936693ac917d5e7563,,unknown,0
0x70d8e4ab175dfe0eab4e9a7f33e0a2d19f44001e,0xaa51ddd2a992cc171125a9e7c029a4c6170b61364a5afb8fc3adcbd4e5f28b56,2019-12-03T05:14:51Z,0x70d8e4ab175dfe0eab4e9a7f33e0a2d19f44001e,0x5d3a536e4d6dbd6114cc1ead35777bab948e3643,,unknown,0
0x70d8e4ab175dfe0eab4e9a7f33e0a2d19f44001e,0x56f20769405cde7c99818affbc1edbdef2fda6752ca6c83f10223b8a7ca29f6d,2019-12-01T07:28:01Z,0x70d8e4ab175dfe0eab4e9a7f33e0a2d19f44001e,0x39aa39c021dfbae8fac545936693ac917d5e7563,,unknown,0
0x70d8e4ab175dfe0eab4e9a7f33e0a2d19f44001e,0x975c27d628b597241ea18bd835a756d57ca5fbdbd4467354d984382b73befbf5,2019-12-01T04:12:30Z,0x70d8e4ab175dfe0eab4e9a7f33e0a2d19f44001e,0x39aa39c021dfbae8fac545936693ac917d5e7563,,unknown,0
0x70d8e4ab175dfe0eab4e9a7f33e0a2d19f44001e,0xc65466a2c125c137487efa15c3593a8240e2ef841070c80a3bedf9d0191c16ed,2019-11-17T02:46:29Z,0x70d8e4ab175dfe0eab4e9a7f33e0a2d19f44001e,0x39aa39c021dfbae8fac545936693ac917d5e7563,,unknown,0
0x70d8e4ab175dfe0eab4e9a7f33e0a2d19f44001e,0x191a6d3160887a1aefa739293898fd6557efb5eb75f720a5177c76cdfeb9ea7c,2019-11-17T02:36:20Z,0x70d8e4ab175dfe0eab4e9a7f33e0a2d19f44001e,0x39aa39c021dfbae8fac545936693ac917d5e7563,,unknown,0
0x70d8e4ab175dfe0eab4e9a7f33e0a2d19f44001e,0x5b4cb310bf964380aa90b566fed860a2683d2a1183decf96bd2aab7f54a14859,2019-11-15T09:23:49Z,0x70d8e4ab175dfe0eab4e9a7f33e0a2d19f44001e,0x39aa39c021dfbae8fac545936693ac917d5e7563,,unknown,0
0x70d8e4ab175dfe0eab4e9a7f33e0a2d19f44001e,0x277bf29905581216835e13d2c1e54fc7e0d9fad55ef3c1a6a014f84acf806fcb,2019-11-10T09:36:50Z,0x70d8e4ab175dfe0eab4e9a7f33e0a2d19f44001e,0x39aa39c021dfbae8fac545936693ac917d5e7563,,unknown,0
0x7399dbeebe2f88bc6ac4e3fd7ddb836a4bce322f,0xab35f3cfcb0b7a521d0167d0ae3c0bab12e192d0ee3a7747a579c440a1d4903a,2020-11-21T22:17:11Z,0x7399dbeebe2f88bc6ac4e3fd7ddb836a4bce322f,0x39aa39c021dfbae8fac545936693ac917d5e7563,,unknown,0
0x767055590c73b7d2aaa6219da13807c493f91a20,0x51803bacbfbf0a2d3b3b4d620fdba80142e172f5c87655be291f0ab7fe80f4da,2020-11-08T05:35:38Z,0x767055590c73b7d2aaa6219da13807c493f91a20,0x39aa39c021dfbae8fac545936693ac917d5e7563,,unknown,0
0x7b4636320daa0bc055368a4f9b9d01bd8ac51877,0x297cb7964dd4f990f73e053798b5d773f2736bc96127ffbfa8e871eb31dfd4d1,2020-11-12T04:39:56Z,0x7b4636320daa0bc055368a4f9b9d01bd8ac51877,0x39aa39c021dfbae8fac545936693ac917d5e7563,,unknown,0
0x7b57dbe2f2e4912a29754ff3e412ed9507fd8957,0x5e28ebeb2b115ec55bf39b9aaae18e5813606f8d57faa0e348704b27f8a3bd25,2020-11-07T18:13:10Z,0x7b57dbe2f2e4912a29754ff3e412ed9507fd8957,0x4ddc2d193948926d02f9b1fe9e1daa0718270ed5,,unknown,0
0x7b57dbe2f2e4912a29754ff3e412ed9507fd8957,0x5a6ebb79449700093949b3ecce693f63bdb23155e425948e2402c4c4cbd7937c,2020-11-07T18:12:36Z,0x7b57dbe2f2e4912a29754ff3e412ed9507fd8957,0x4ddc2d193948926d02f9b1fe9e1daa0718270ed5,,unknown,0
0x7b57dbe2f2e4912a29754ff3e412ed9507fd8957,0x1a24ad655c7d246614a7478d11eaccc0d03f988be2c37c6a4ebdac0d21683dca,2020-11-06T23:27:37Z,0x7b57dbe2f2e4912a29754ff3e412ed9507fd8957,0x4ddc2d193948926d02f9b1fe9e1daa0718270ed5,,unknown,6569151265656477
0x7be3dfb5b6fcbae542ea85e76cc19916a20f6c1e,0xc779690c33dcaef8edb588077a6bd05e7f1fd187a464f4d0020b55c39af44194,2020-11-08T01:41:49Z,0x7be3dfb5b6fcbae542ea85e76cc19916a20f6c1e,0x4ddc2d193948926d02f9b1fe9e1daa0718270ed5,,unknown,3282524763138884
0x7be3dfb5b6fcbae542ea85e76cc19916a20f6c1e,0x92912733535ea23eeeb22824abf95c29e9aa17d54d076b915a1e15f5700a156d,2020-11-08T01:24:39Z,0x7be3dfb5b6fcbae542ea85e76cc19916a20f6c1e,0x4ddc2d193948926d02f9b1fe9e1daa0718270ed5,,unknown,9030160736861116
0x7de76a449cf60ea3e111ff18b28e516d89532152,0xffc60d93cbf54b0e4c3e49cca9267830b5dbfc31bf77c828e83bf50bdde835b3,2020-11-05T05:18:47Z,0x7de76a449cf60ea3e111ff18b28e516d89532152,0x39aa39c021dfbae8fac545936693ac917d5e7563,,unknown,0
0x7e3eab408b9c76a13305ef34606f17c16f7b33cc,0xecad0c9227ee3165f113fc8bd3ad5d037a7ef6d8bcb5e6d202c55a251ae90a6d,2020-05-08T00:36:25Z,0x7e3eab408b9c76a13305ef34606f17c16f7b33cc,0x5d3a536e4d6dbd6114cc1ead35777bab948e3643,,unknown,0
0x7e3eab408b9c76a13305ef34606f17c16f7b33cc,0x10ca68b7c3fe266904d262c2ab20facb4f5bacb6c3c59b90aba08bf6dec07ffe,2020-01-30T19:53:43Z,0x7e3eab408b9c76a13305ef34606f17c16f7b33cc,0x5d3a536e4d6dbd6114cc1ead35777bab948e3643,,unknown,0
0x7e3eab408b9c76a13305ef34606f17c16f7b33cc,0x2198b481324790a1f82ca66bf1f013cd7915bd83008b783fe261eeec2b31285b,2020-01-30T19:24:16Z,0x7e3eab408b9c76a13305ef34606f17c16f7b33cc,0x5d3a536e4d6dbd6114cc1ead35777bab948e3643,,unknown,0
0x7f5e6a28afc9fb0aaf4259d4ff69991b88ebea47,0xd0b585b3b57845d2984234e7010aab6692995674cb232e64decd745b1d8ce24d,2020-12-12T19:47:53Z,0x7f5e6a28afc9fb0aaf4259d4ff69991b88ebea47,0x39aa39c021dfbae8fac545936693ac917d5e7563,,unknown,0
0x83ea74c67d393c6894c34c464657bda2183a2f1a,0x1b74fd0f2295290791ebed0c6bf320370efaf2a2e2b2d5a8729e5d908db70593,2020-11-05T19:07:15Z,0x83ea74c67d393c6894c34c464657bda2183a2f1a,0x39aa39c021dfbae8fac545936693ac917d5e7563,,unknown,0
0x8441fecef5cc6f697be2c4fc4a36feacede8df67,0x5084d42e338f50956022f138315b7473edfd6ec6fc5578f486e1167a22321d04,2021-07-10T04:55:45Z,0x8441fecef5cc6f697be2c4fc4a36feacede8df67,0x4ddc2d193948926d02f9b1fe9e1daa0718270ed5,,unknown,0
0x8441fecef5cc6f697be2c4fc4a36feacede8df67,0x7a55f44334ed4a71cc03396e2e6b1ea307743dc313089bf80e5ad333ffd17a50,2020-10-15T04:58:04Z,0x8441fecef5cc6f697be2c4fc4a36feacede8df67,0x4ddc2d193948926d02f9b1fe9e1daa0718270ed5,,unknown,19409020000000000
0x854a873b8f9bfac36a5eb9c648e285a095a7478d,0x8cde1793ea422a714d01a64a39be76c16d74a78e1cba1d70b93632fa5ab2e078,2020-11-19T10:27:47Z,0x854a873b8f9bfac36a5eb9c648e285a095a7478d,0x39aa39c021dfbae8fac545936693ac917d5e7563,,unknown,0
0x8587d9f794f06d976c2ec1cfd523983b856f5ca9,0x5e35aadefedce8d3a23de62660e21cc6112906e76dc32335f58f7b561be7ef31,2020-11-15T00:57:18Z,0x8587d9f794f06d976c2ec1cfd523983b856f5ca9,0x39aa39c021dfbae8fac545936693ac917d5e7563,,unknown,0
0x880a0af12da55df1197f41697c1a1b61670ed410,0x19fb80521fa45d4b4608b1661d58261597c0022b4b5e5110618433c0e2c4dc59,2020-11-04T17:53:55Z,0x880a0af12da55df1197f41697c1a1b61670ed410,0x39aa39c021dfbae8fac545936693ac917d5e7563,,unknown,0
0x880a0af12da55df1197f41697c1a1b61670ed410,0xacb44b81513efef8d176d156abdcac570f42cf8868ab4e9fabc5275fe938954a,2020-11-04T17:46:52Z,0x880a0af12da55df1197f41697c1a1b61670ed410,0x4ddc2d193948926d02f9b1fe9e1daa0718270ed5,,unknown,0
0x880a0af12da55df1197f41697c1a1b61670ed410,0xbde15bc19db81c3b5e3e4e9ffc946ec9f578fd5aef45e82dde6dd3ae80b2403c,2020-11-04T17:46:18Z,0x880a0af12da55df1197f41697c1a1b61670ed410,0x39aa39c021dfbae8fac545936693ac917d5e7563,,unknown,0
0x880a0af12da55df1197f41697c1a1b61670ed410,0xa65021900175296de1e20d5e288a51bd9c428af9da590af39855468d2a597bdb,2020-11-04T17:32:50Z,0x880a0af12da55df1197f41697c1a1b61670ed410,0x4ddc2d193948926d02f9b1fe9e1daa0718270ed5,,unknown,7358351729212656
0x8aaece100580b749a20f8ce30338c4e0770b65ed,0x6940a7e4d86029a9ed4c1fa4426e2d34a63a187d08a1a09af068afca8d5cdbc3,2020-10-15T17:12:00Z,0x8aaece100580b749a20f8ce30338c4e0770b65ed,0x39aa39c021dfbae8fac545936693ac917d5e7563,,unknown,0
0x8be38ea2b22b706aef313c2de81f7d179024dd30,0x027e4e7cad5eb20ead902a9c925b419333538bf30aa6dcae9cd91d93e3bbcd19,2021-06-01T16:33:35Z,0x8be38ea2b22b706aef313c2de81f7d179024dd30,0x39aa39c021dfbae8fac545936693ac917d5e7563,,unknown,0
0x8be38ea2b22b706aef313c2de81f7d179024dd30,0x6edb47bfd16a77f6a9bd7fabbc62f77d94e59b453cfbdaf9457a15b989e8b1c7,2021-05-06T10:21:53Z,0x8be38ea2b22b706aef313c2de81f7d179024dd30,0x4ddc2d193948926d02f9b1fe9e1daa0718270ed5,,unknown,0
0x8be38ea2b22b706aef313c2de81f7d179024dd30,0x6f24f17201309eb6b03601e6abb88a212bca97f202b83500fc11b9a9010b545b,2021-05-06T10:07:11Z,0x8be38ea2b22b706aef313c2de81f7d179024dd30,0x4ddc2d193948926d02f9b1fe9e1daa0718270ed5,,unknown,0
0x8be38ea2b22b706aef313c2de81f7d179024dd30,0x90c9c8f1d5491112110785a02bd77ae541fb431fdc9f1e71da462e4a23589865,2021-05-04T09:31:45Z,0x8be38ea2b22b706aef313c2de81f7d179024dd30,0x4ddc2d193948926d02f9b1fe9e1daa0718270ed5,,unknown,0
0x8be38ea2b22b706aef313c2de81f7d179024dd30,0xf2de31be9737ae550b686e32b7c782455042f7a56fba8b68edaa955019091137,2021-05-01T09:24:52Z,0x8be38ea2b22b706aef313c2de81f7d179024dd30,0x4ddc2d193948926d02f9b1fe9e1daa0718270ed5,,unknown,0
0x8be38ea2b22b706aef313c2de81f7d179024dd30,0x3d2daf1a02abbb1a7de379b04780f72adf5afe411de02c1e2a6d673f55a48255,2021-04-16T23:42:54Z,0x8be38ea2b22b706aef313c2de81f7d179024dd30,0x39aa39c021dfbae8fac545936693ac917d5e7563,,unknown,0
0x8be38ea2b22b706aef313c2de81f7d179024dd30,0x87de5564e164e115d943fcaee62b76a8f7cefbda0e1670de3e7ae547d91d73e9,2021-04-16T23:42:54Z,0x8be38ea2b22b706aef313c2de81f7d179024dd30,0x4ddc2d193948926d02f9b1fe9e1daa0718270ed5,,unknown,0
0x8be38ea2b22b706aef313c2de81f7d179024dd30,0x9dab842387b8a20248da2ee10b71d21037280232d5f5a2d747a0d397934e8ebf,2021-04-16T23:42:54Z,0x8be38ea2b22b706aef313c2de81f7d179024dd30,0x4ddc2d193948926d02f9b1fe9e1daa0718270ed5,,unknown,0
0x8be38ea2b22b706aef313c2de81f7d179024dd30,0xe8144bcbf615e926fe1d72929ac1397112bd7478f298f083a6afd548c450ae2e,2021-04-16T23:42:53Z,0x8be38ea2b22b706aef313c2de81f7d179024dd30,0x4ddc2d193948926d02f9b1fe9e1daa0718270ed5,,unknown,0
0x8be38ea2b22b706aef313c2de81f7d179024dd30,0x9eb0bff4843155de6e794ab05913d6acc1da7ba76885411c9e50aeb4731f2ec0,2021-04-16T22:48:17Z,0x8be38ea2b22b706aef313c2de81f7d179024dd30,0x4ddc2d193948926d02f9b1fe9e1daa0718270ed5,,unknown,0
0x8be38ea2b22b706aef313c2de81f7d179024dd30,0x59040ea8f7c48aaab8c3e0ab020ac1ab7ce522fe5ff6888f6c231375b37ac4e0,2021-04-16T17:25:05Z,0x8be38ea2b22b706aef313c2de81f7d179024dd30,0x4ddc2d193948926d02f9b1fe9e1daa0718270ed5,,unknown,0
0x8be38ea2b22b706aef313c2de81f7d179024dd30,0xe8a7d557623bad58aea20bc5f2f8d1a4f2d54a9ebb58dabdfddac90e2b2fab4f,2021-04-16T17:25:05Z,0x8be38ea2b22b706aef313c2de81f7d179024dd30,0x39aa39c021dfbae8fac545936693ac917d5e7563,,unknown,0
0x8be38ea2b22b706aef313c2de81f7d179024dd30,0xdc972d7ef3365d4b72a6f9688f22e664f2e86b04d1e10aaefb71323ee8835895,2021-04-16T17:22:32Z,0x8be38ea2b22b706aef313c2de81f7d179024dd30,0x4ddc2d193948926d02f9b1fe9e1daa0718270ed5,,unknown,0
0x8be38ea2b22b706aef313c2de81f7d179024dd30,0x217c648b5f70c37f150e1db765112e662f06e2437b0bfe80b1502c9aaaa7f5ee,2021-04-16T15:14:28Z,0x8be38ea2b22b706aef313c2de81f7d179024dd30,0x4ddc2d193948926d02f9b1fe9e1daa0718270ed5,,unknown,0
0x8be38ea2b22b706aef313c2de81f7d179024dd30,0x8237df861921e8fc75aff82586774cdf5c69bfe056c0605ee7d1c9ff62b6599b,2021-04-11T17:56:10Z,0x8be38ea2b22b706aef313c2de81f7d179024dd30,0x3d9819210a31b4961b30ef54be2aed79b9c9cd3b,,unknown,0
0x8be38ea2b22b706aef313c2de81f7d179024dd30,0x801aadb7b05c84dfd63c5154878edbf25006bdad9f1940e1ac36168bdd704952,2021-04-11T17:37:31Z,0x8be38ea2b22b706aef313c2de81f7d179024dd30,0x39aa39c021dfbae8fac545936693ac917d5e7563,,unknown,0
0x8be38ea2b22b706aef313c2de81f7d179024dd30,0x17d165f70fba8374202b283adba2016c026ecb93b6570cce87fc6f5368a81514,2021-04-11T10:12:04Z,0x8be38ea2b22b706aef313c2de81f7d179024dd30,0x4ddc2d193948926d02f9b1fe9e1daa0718270ed5,,unknown,72149270000000000
0x8be38ea2b22b706aef313c2de81f7d179024dd30,0xec2b923d4a771d9648b347847918a8b5b7f7aef5ae4f23de291a6fa185e27209,2021-04-11T09:34:36Z,0x8be38ea2b22b706aef313c2de81f7d179024dd30,0x3d9819210a31b4961b30ef54be2aed79b9c9cd3b,,unknown,0
0x8be38ea2b22b706aef313c2de81f7d179024dd30,0xc09edc187d374d3570a1ee2f70f4cab7df3bde07b8d375a4ae001a1afe9a770c,2021-04-11T09:31:08Z,0x8be38ea2b22b706aef313c2de81f7d179024dd30,0x3d9819210a31b4961b30ef54be2aed79b9c9cd3b,,unknown,0
0x91919344c1dad09772d19ad8ad4f1bcd29c51f27,0x35fa199c9cb7081def7cef4dbe28e92430e39c17d66ffd2f1810ec61a1950e76,2020-11-13T20:25:02Z,0x91919344c1dad09772d19ad8ad4f1bcd29c51f27,0x39aa39c021dfbae8fac545936693ac917d5e7563,,unknown,0
0x93f0891bf71d8abed78e0de0885bd26355bb8b1d,0x89d26b76856fb8f2c0719922f0993e684527e7b5fe696ab323f268ec1db1ad2a,2020-10-20T19:11:57Z,0x93f0891bf71d8abed78e0de0885bd26355bb8b1d,0x4ddc2d193948926d02f9b1fe9e1daa0718270ed5,,unknown,1785120000000000
0x93f0891bf71d8abed78e0de0885bd26355bb8b1d,0x71c58ca94692cba888dae68c648040ab91b4f9dc3742fa0bafd6ae8d78538fd4,2020-10-20T19:02:45Z,0x93f0891bf71d8abed78e0de0885bd26355bb8b1d,0x39aa39c021dfbae8fac545936693ac917d5e7563,,unknown,0
0x96479b087cb8f236a5e2dcbfc50ce63b2f421da6,0xddd4ba7a7d3d5f28ec14983216e9784568b5abfa27f386f461e45ee3227237da,2020-12-21T08:28:03Z,0x96479b087cb8f236a5e2dcbfc50ce63b2f421da6,0x39aa39c021dfbae8fac545936693ac917d5e7563,,unknown,0
0x96479b087cb8f236a5e2dcbfc50ce63b2f421da6,0x9981586cdfd22d41cd64fd0d8d3650966f578f2c655473852eea9b7321d80bca,2020-12-21T08:27:28Z,0x96479b087cb8f236a5e2dcbfc50ce63b2f421da6,0x5d3a536e4d6dbd6114cc1ead35777bab948e3643,,unknown,0
0x96479b087cb8f236a5e2dcbfc50ce63b2f421da6,0xb1681457dae999ebc5b720e863a65ee1b5905a0a53847416892ab72b64ccaca2,2020-12-21T08:24:32Z,0x96479b087cb8f236a5e2dcbfc50ce63b2f421da6,0x39aa39c021dfbae8fac545936693ac917d5e7563,,unknown,0
0x96479b087cb8f236a5e2dcbfc50ce63b2f421da6,0xd83cf577498d06fb16e9b749b39f0e54752ffa73e217ad97b63c53226e8cb886,2020-12-21T08:19:39Z,0x96479b087cb8f236a5e2dcbfc50ce63b2f421da6,0x5d3a536e4d6dbd6114cc1ead35777bab948e3643,,unknown,0
0x96bb4447a02b95f1d1e85374cffd565eb22ed2f8,0x454e322f2a05c4e41652577e0fc464994103114f1c3462687c586f8576cbc2a2,2020-11-28T16:19:14Z,0x96bb4447a02b95f1d1e85374cffd565eb22ed2f8,0x4ddc2d193948926d02f9b1fe9e1daa0718270ed5,,unknown,14858572900000000
0x9a363adc5d382c04d36b09158286328f75672098,0xad0e04e3d8b2e13280a189ecc523f09e7f8c900f9d3d5422fb5961f8a256c58b,2019-08-11T02:30:45Z,0x9a363adc5d382c04d36b09158286328f75672098,0x3d9819210a31b4961b30ef54be2aed79b9c9cd3b,,unknown,0
0x9ad1331c5b6c5a641acffb32719c66a80c6e1a17,0x157ba433208bb67328910478bad4291f2ae4a7d3e4a1223892966757d228ae7d,2020-10-17T11:13:30Z,0x9ad1331c5b6c5a641acffb32719c66a80c6e1a17,0x4ddc2d193948926d02f9b1fe9e1daa0718270ed5,,unknown,1357625784028890
0x9ad1331c5b6c5a641acffb32719c66a80c6e1a17,0x8552d771ca4f75ee6ea165f76c343726741a563f707605b833c8d76de4697907,2020-10-17T11:11:00Z,0x9ad1331c5b6c5a641acffb32719c66a80c6e1a17,0x4ddc2d193948926d02f9b1fe9e1daa0718270ed5,,unknown,10859826785762767
0x9ba0d85f71e145ccf15225e59631e5a883d5d74a,0xde0e149e8e6db3122712077bf4b9f0056d143c8c7995cc600394999259a17679,2025-07-04T02:25:11Z,0x9ba0d85f71e145ccf15225e59631e5a883d5d74a,0x4ddc2d193948926d02f9b1fe9e1daa0718270ed5,,unknown,0
0x9ba0d85f71e145ccf15225e59631e5a883d5d74a,0x5129980a50cd1a6f35027bfad72b2723f94695d929bc464602b07ddcc23e97b4,2025-07-04T02:24:23Z,0x9ba0d85f71e145ccf15225e59631e5a883d5d74a,0x3d9819210a31b4961b30ef54be2aed79b9c9cd3b,,unknown,0
0x9ba0d85f71e145ccf15225e59631e5a883d5d74a,0xe6f502af6c8e7729299773054f7e0c74e062d94294b88cf5befec502d6cfc309,2020-11-25T16:36:57Z,0x9ba0d85f71e145ccf15225e59631e5a883d5d74a,0x4ddc2d193948926d02f9b1fe9e1daa0718270ed5,,unknown,5078720162519045
0x9e6ec4e98793970a1307262ba68d37594e58cd78,0x9db3d75e2e2d44666172075c55402b8dad4688ec7e52912f74757a47f0048865,2020-07-06T16:39:58Z,0x86486edcb3ebc8f79db2d799b47cb833662740e8,0x39aa39c021dfbae8fac545936693ac917d5e7563,,unknown,0
0xa7f3c74f0255796fd5d3ddcf88db769f7a6bf46a,0x5a51da54cbb3edfa293faa91945d7abbf417747202d8cb991b5443b4d29e7aa7,2021-02-27T00:46:48Z,0xa7f3c74f0255796fd5d3ddcf88db769f7a6bf46a,0x3d9819210a31b4961b30ef54be2aed79b9c9cd3b,,unknown,0
0xa7f3c74f0255796fd5d3ddcf88db769f7a6bf46a,0x75c77058ee1351186c660e1572c05bdb56d641eb22434a509c77f7b7bcf699d5,2021-02-27T00:45:32Z,0xa7f3c74f0255796fd5d3ddcf88db769f7a6bf46a,0x5d3a536e4d6dbd6114cc1ead35777bab948e3643,,unknown,0
0xa7f3c74f0255796fd5d3ddcf88db769f7a6bf46a,0xb00a8894011e91666503035858779ab9ad7266c8069a42116e69ac3d3af84ac1,2021-02-06T16:21:17Z,0xa7f3c74f0255796fd5d3ddcf88db769f7a6bf46a,0x5d3a536e4d6dbd6114cc1ead35777bab948e3643,,unknown,0
0xa7f3c74f0255796fd5d3ddcf88db769f7a6bf46a,0xcdc0d7e8cdc3312a0f0ae1153eca7c4f8b8a56977c8bdf8c2f26ff601d186bf7,2021-01-21T17:45:41Z,0xa7f3c74f0255796fd5d3ddcf88db769f7a6bf46a,0x5d3a536e4d6dbd6114cc1ead35777bab948e3643,,unknown,0
0xa7f3c74f0255796fd5d3ddcf88db769f7a6bf46a,0x211a13870665eaaf35b7045d8b421126d8d92c6bf5b6fc0035af21df59a5cd6b,2021-01-21T17:43:11Z,0xa7f3c74f0255796fd5d3ddcf88db769f7a6bf46a,0x5d3a536e4d6dbd6114cc1ead35777bab948e3643,,unknown,0
0xa7f3c74f0255796fd5d3ddcf88db769f7a6bf46a,0x27a6a90d3070fbf72904ae5544b47c56513478f8330362ab29b97fc2dbfe6275,2021-01-18T01:26:33Z,0xa7f3c74f0255796fd5d3ddcf88db769f7a6bf46a,0x5d3a536e4d6dbd6114cc1ead35777bab948e3643,,unknown,0
0xa7f3c74f0255796fd5d3ddcf88db769f7a6bf46a,0x4f276faa0ec2cc7fa5f209bc7203badf05a1ea29ab697881ed1a751ee17ad34e,2021-01-18T01:23:59Z,0xa7f3c74f0255796fd5d3ddcf88db769f7a6bf46a,0x3d9819210a31b4961b30ef54be2aed79b9c9cd3b,,unknown,0
0xa7f3c74f0255796fd5d3ddcf88db769f7a6bf46a,0x7e486c6aa7eeda337183c3019029894c2db567257f710fc27d5bc901bd06e61b,2020-05-10T13:27:12Z,0xa7f3c74f0255796fd5d3ddcf88db769f7a6bf46a,0x5d3a536e4d6dbd6114cc1ead35777bab948e3643,,unknown,0
0xa7f3c74f0255796fd5d3ddcf88db769f7a6bf46a,0x4a38da7415859337d5cefe03b1d24e5d1c6332d35a95315d82f958de7314a0ce,2020-03-17T20:06:21Z,0xa7f3c74f0255796fd5d3ddcf88db769f7a6bf46a,0x5d3a536e4d6dbd6114cc1ead35777bab948e3643,,unknown,0
0xa98dc64bb42575efec7d1e4560c029231ce5da51,0x865dd1b2dda5b5ce37ca7c5d70e609e8c7bf374ede0b0a19dfdad0f95de3cd43,2020-11-01T17:23:28Z,0xa98dc64bb42575efec7d1e4560c029231ce5da51,0x39aa39c021dfbae8fac545936693ac917d5e7563,,unknown,0
0xb271ff7090b39028eb6e711c3f89a3453d5861ee,0x50cd35de8c8da3a465b58892e303fe09ab22d2ada34c44305f4cace90ba839c4,2020-10-18T02:45:58Z,0xb271ff7090b39028eb6e711c3f89a3453d5861ee,0x4ddc2d193948926d02f9b1fe9e1daa0718270ed5,,unknown,5526517163908297
0xb271ff7090b39028eb6e711c3f89a3453d5861ee,0x1ac718761e0de5fcc932df431022d8e7d59b6382e54437a7afbbff9897c2757c,2020-10-18T02:43:51Z,0xb271ff7090b39028eb6e711c3f89a3453d5861ee,0x39aa39c021dfbae8fac545936693ac917d5e7563,,unknown,0
0xb271ff7090b39028eb6e711c3f89a3453d5861ee,0x25d8d30a56ed84dff9c88953408fa7fd28ae8daf06db33b74b657c0616ff5965,2020-10-18T02:42:09Z,0xb271ff7090b39028eb6e711c3f89a3453d5861ee,0x39aa39c021dfbae8fac545936693ac917d5e7563,,unknown,0
0xb475576594ae44e1f75f534f993cbb7673e4c8b6,0x1d8f6a7690188f33c0b6b39e40961a91c9237e218384e3e5f52eaaeb932cc969,2020-11-08T21:10:43Z,0xb475576594ae44e1f75f534f993cbb7673e4c8b6,0x39aa39c021dfbae8fac545936693ac917d5e7563,,unknown,0
0xb57297c5d02def954794e593db93d0a302e43e5c,0x9298157605e9fccd7fcfd2a281576b192c4477cdde3a87c40f30abed0fec6037,2020-11-17T09:40:15Z,0xb57297c5d02def954794e593db93d0a302e43e5c,0x39aa39c021dfbae8fac545936693ac917d5e7563,,unknown,0
0xb57297c5d02def954794e593db93d0a302e43e5c,0x0e3305da21830b235094905705431284a36159d5dcb5b1b0eede71cdd376b344,2020-11-17T09:06:06Z,0xb57297c5d02def954794e593db93d0a302e43e5c,0x4ddc2d193948926d02f9b1fe9e1daa0718270ed5,,unknown,8741999977827072
0xbd4a00764217c13a246f86db58d74541a0c3972a,0xc4c24a1be8402d6f5e7ac8dc4bd32a84b3fd0abcaadcc1d33b2c96e625b796b7,2021-06-14T19:15:46Z,0xbd4a00764217c13a246f86db58d74541a0c3972a,0x39aa39c021dfbae8fac545936693ac917d5e7563,,unknown,0
0xbd4a00764217c13a246f86db58d74541a0c3972a,0xb47109e837831219e4dc0a8ebbb72f46d8f67b6dc95599024eb0c1915b645ef7,2021-04-04T01:47:42Z,0xbd4a00764217c13a246f86db58d74541a0c3972a,0x39aa39c021dfbae8fac545936693ac917d5e7563,,unknown,0
0xbd4a00764217c13a246f86db58d74541a0c3972a,0x5139cc4c6f75c4ded8d3e79833c2ad68cf28b900ba5062db7c515466dcd02ac7,2021-04-04T00:08:59Z,0xbd4a00764217c13a246f86db58d74541a0c3972a,0x39aa39c021dfbae8fac545936693ac917d5e7563,,unknown,0
0xbd4a00764217c13a246f86db58d74541a0c3972a,0x727e389d2fe9dd8f324b816ddb7e2c9d7a4be1d47bbfbf9702405282fa484ec7,2020-07-22T22:18:23Z,0xbd4a00764217c13a246f86db58d74541a0c3972a,0x39aa39c021dfbae8fac545936693ac917d5e7563,,unknown,0
0xbd4a00764217c13a246f86db58d74541a0c3972a,0xfe1b6ea8c82e1480b03238ee88767a92d18d3369e76cadef1f2055e05d321f82,2020-07-16T22:59:25Z,0xbd4a00764217c13a246f86db58d74541a0c3972a,0x39aa39c021dfbae8fac545936693ac917d5e7563,,unknown,0
0xc179d55f7e00e789915760f7d260a1bf6285278b,0x5821d86a8a564c9cf9c1c2fec633045c40918e13461f07e1f650eae1c40812be,2020-12-13T16:48:27Z,0xc179d55f7e00e789915760f7d260a1bf6285278b,0x39aa39c021dfbae8fac545936693ac917d5e7563,,unknown,0
0xc179d55f7e00e789915760f7d260a1bf6285278b,0x8a75c3cef739ed54d0105338c114ec3123956d3c3d5a2dc2a93cabae6a8fa6ea,2020-12-13T15:10:14Z,0xc179d55f7e00e789915760f7d260a1bf6285278b,0x39aa39c021dfbae8fac545936693ac917d5e7563,,unknown,0
0xc22b8e78394ce52e0034609a67ae3c959daa84bc,0x6af423751d539c777bc441bd51adb4ae1a0ec2760022aed9225f38fbef1f6939,2021-01-18T23:40:53Z,0xc22b8e78394ce52e0034609a67ae3c959daa84bc,0x5d3a536e4d6dbd6114cc1ead35777bab948e3643,,unknown,0
0xc22b8e78394ce52e0034609a67ae3c959daa84bc,0x76befdeab09ed113ebdeccc08fcf610132327c679487d147cae0680c407aab36,2021-01-16T17:37:52Z,0xc22b8e78394ce52e0034609a67ae3c959daa84bc,0x5d3a536e4d6dbd6114cc1ead35777bab948e3643,,unknown,0
0xc22b8e78394ce52e0034609a67ae3c959daa84bc,0x39a64402b4642a2cc679a06f031d846d9077c86cc02115e1fbe492c7d77e4ebe,2021-01-13T23:01:31Z,0xc22b8e78394ce52e0034609a67ae3c959daa84bc,0x5d3a536e4d6dbd6114cc1ead35777bab948e3643,,unknown,0
0xcbbd9fe837a14258286bbf2e182cbc4e4518c5a3,0x1408354a01141805534265244d0b061b6c9ef3eecbe7986b5beee2bf1c4b610a,2021-04-29T02:09:56Z,0xcbbd9fe837a14258286bbf2e182cbc4e4518c5a3,0x3d9819210a31b4961b30ef54be2aed79b9c9cd3b,,unknown,0
0xcbbd9fe837a14258286bbf2e182cbc4e4518c5a3,0xe7e4746468bf46616fe05cfd385dddafb559d75389b9e4596244daed92c86a54,2021-03-29T23:47:33Z,0xcbbd9fe837a14258286bbf2e182cbc4e4518c5a3,0x4ddc2d193948926d02f9b1fe9e1daa0718270ed5,,unknown,0
0xcbbd9fe837a14258286bbf2e182cbc4e4518c5a3,0x7252285488ea813162eb990c1544c584fd839c38226aa8950dba3e9f4fc4dd1f,2021-03-29T23:45:06Z,0xcbbd9fe837a14258286bbf2e182cbc4e4518c5a3,0x5d3a536e4d6dbd6114cc1ead35777bab948e3643,,unknown,0
0xcbbd9fe837a14258286bbf2e182cbc4e4518c5a3,0x9c4f7459aded7ba8dd6cadb37bae20402bec60b71a7a497bddbfc94d6406c087,2021-02-07T15:04:45Z,0xcbbd9fe837a14258286bbf2e182cbc4e4518c5a3,0x4ddc2d193948926d02f9b1fe9e1daa0718270ed5,,unknown,0
0xcbbd9fe837a14258286bbf2e182cbc4e4518c5a3,0x64bf25d5f4e5d385999d60fa31f86d6caa24f0e6fcac18851eefcaba905e7fc6,2021-01-27T03:29:15Z,0xcbbd9fe837a14258286bbf2e182cbc4e4518c5a3,0x4ddc2d193948926d02f9b1fe9e1daa0718270ed5,,unknown,0
0xcbbd9fe837a14258286bbf2e182cbc4e4518c5a3,0x91b8c927fdbb85ee89e542c63f899dcbeafc282de37d11d6f2a226dad01db8b9,2020-12-24T03:58:27Z,0xcbbd9fe837a14258286bbf2e182cbc4e4518c5a3,0x4ddc2d193948926d02f9b1fe9e1daa0718270ed5,,unknown,1500000000000000000
0xcbbd9fe837a14258286bbf2e182cbc4e4518c5a3,0xdee0be213569c004c1fba4e1d733fd2543309abfd69d5a7f3343c18036ea397e,2020-12-16T14:20:02Z,0xcbbd9fe837a14258286bbf2e182cbc4e4518c5a3,0x5d3a536e4d6dbd6114cc1ead35777bab948e3643,,unknown,0
0xcbbd9fe837a14258286bbf2e182cbc4e4518c5a3,0x922722042f1de3517f7b9537de15c8ee618026f5c28bfcb2269a0f3798c807db,2020-12-14T03:10:29Z,0xcbbd9fe837a14258286bbf2e182cbc4e4518c5a3,0x4ddc2d193948926d02f9b1fe9e1daa0718270ed5,,unknown,1688621579565056598
0xcbbd9fe837a14258286bbf2e182cbc4e4518c5a3,0x7e504de2b5acf187e47c40a39ae5d3718737f233166dcb9a6df1bb5b573580ad,2020-12-12T23:18:55Z,0xcbbd9fe837a14258286bbf2e182cbc4e4518c5a3,0x5d3a536e4d6dbd6114cc1ead35777bab948e3643,,unknown,0
0xcbbd9fe837a14258286bbf2e182cbc4e4518c5a3,0xa775d22108d498bc80c935cd953a609983e15279995ebe7e1e213f9c6f418d49,2020-12-02T13:14:14Z,0xcbbd9fe837a14258286bbf2e182cbc4e4518c5a3,0x5d3a536e4d6dbd6114cc1ead35777bab948e3643,,unknown,0
0xcbbd9fe837a14258286bbf2e182cbc4e4518c5a3,0x62b7c27cf019c303b9411041d8d93d8c7cd337fa0224d2471cc31df0c32d2003,2020-10-28T12:10:12Z,0xcbbd9fe837a14258286bbf2e182cbc4e4518c5a3,0x5d3a536e4d6dbd6114cc1ead35777bab948e3643,,unknown,0
0xcbbd9fe837a14258286bbf2e182cbc4e4518c5a3,0x68a280da3bb3c90675774a2aad67ce359cb2595fbe142e0743c4759565e5f3c6,2020-10-28T12:07:45Z,0xcbbd9fe837a14258286bbf2e182cbc4e4518c5a3,0x4ddc2d193948926d02f9b1fe9e1daa0718270ed5,,unknown,1200000000000000000
0xcbbd9fe837a14258286bbf2e182cbc4e4518c5a3,0xb4f22bc979de07b8c9fba3530b1bfa3569823868761c3f7269619e4e47da10cd,2020-10-25T20:16:59Z,0xcbbd9fe837a14258286bbf2e182cbc4e4518c5a3,0x4ddc2d193948926d02f9b1fe9e1daa0718270ed5,,unknown,2000000000000000000
0xcbbd9fe837a14258286bbf2e182cbc4e4518c5a3,0x8983fc150ee3791134ff9c15fe74fe5becfd9669f03cf140530f081a2e502c40,2020-10-25T19:22:45Z,0xcbbd9fe837a14258286bbf2e182cbc4e4518c5a3,0x4ddc2d193948926d02f9b1fe9e1daa0718270ed5,,unknown,2000000000000000000
0xcbbd9fe837a14258286bbf2e182cbc4e4518c5a3,0xba68deb020bbbe5c112c6f5c2276bee23561add80fab1d405f0bd9f39e1d9c2f,2020-10-25T19:17:20Z,0xcbbd9fe837a14258286bbf2e182cbc4e4518c5a3,0x5d3a536e4d6dbd6114cc1ead35777bab948e3643,,unknown,0
0xcbbd9fe837a14258286bbf2e182cbc4e4518c5a3,0xb8945f020e3ef57ef2803ab9dbab7e3474c281d1a6e3f3a944d96a05d0f0df67,2020-10-25T19:13:52Z,0xcbbd9fe837a14258286bbf2e182cbc4e4518c5a3,0x4ddc2d193948926d02f9b1fe9e1daa0718270ed5,,unknown,2500000000000000000
0xcbbd9fe837a14258286bbf2e182cbc4e4518c5a3,0xd264628f0fbd3515dfb595149acd5906aa7e01bc649e71703036b8b1735fc607,2020-10-25T19:09:00Z,0xcbbd9fe837a14258286bbf2e182cbc4e4518c5a3,0x4ddc2d193948926d02f9b1fe9e1daa0718270ed5,,unknown,2946188435822127225
0xcbbd9fe837a14258286bbf2e182cbc4e4518c5a3,0x83bf5d2058e7a4acd9772f1454c51df84ea6fe508b7d009af14977f2dbe61457,2020-10-25T18:43:10Z,0xcbbd9fe837a14258286bbf2e182cbc4e4518c5a3,0x5d3a536e4d6dbd6114cc1ead35777bab948e3643,,unknown,0
0xcbbd9fe837a14258286bbf2e182cbc4e4518c5a3,0xee87de9afddce6fea982c7969b26f29cfaa196151fcc20da3c0ffe281b1d3d25,2020-10-21T01:23:37Z,0xcbbd9fe837a14258286bbf2e182cbc4e4518c5a3,0x5d3a536e4d6dbd6114cc1ead35777bab948e3643,,unknown,0
0xcbbd9fe837a14258286bbf2e182cbc4e4518c5a3,0x01333dafb100147e4e8121f6f86194c21f53a5bbe8397dcde6953d9293715807,2020-10-21T01:04:19Z,0xcbbd9fe837a14258286bbf2e182cbc4e4518c5a3,0x5d3a536e4d6dbd6114cc1ead35777bab948e3643,,unknown,0
0xcbbd9fe837a14258286bbf2e182cbc4e4518c5a3,0xfb439d33300610e134cd7ee9e7beb66b5470f99615376ca0b9bf43e5695220dd,2020-10-21T00:35:44Z,0xcbbd9fe837a14258286bbf2e182cbc4e4518c5a3,0x3d9819210a31b4961b30ef54be2aed79b9c9cd3b,,unknown,0
0xcbbd9fe837a14258286bbf2e182cbc4e4518c5a3,0x9ee7f6e15bd4f4c6019ae1e03dcd7d22f8c792c58e94bb7cdafc75925670ef90,2020-10-21T00:32:43Z,0xcbbd9fe837a14258286bbf2e182cbc4e4518c5a3,0x4ddc2d193948926d02f9b1fe9e1daa0718270ed5,,unknown,2000000000000000000
0xcbbd9fe837a14258286bbf2e182cbc4e4518c5a3,0xed02bbfddd5411697c729db8b622cc961b20a06dddeae3f43a2fbf29702a2e57,2020-08-20T17:09:53Z,0xcbbd9fe837a14258286bbf2e182cbc4e4518c5a3,0x39aa39c021dfbae8fac545936693ac917d5e7563,,unknown,0
0xcbbd9fe837a14258286bbf2e182cbc4e4518c5a3,0x4c3ec6d38c70f404dedbed124ae8005d8f68650a5fa49e36eb8912f4b02c4cab,2020-08-20T13:25:05Z,0xcbbd9fe837a14258286bbf2e182cbc4e4518c5a3,0x39aa39c021dfbae8fac545936693ac917d5e7563,,unknown,0
0xcecf5163bb057c1aff4963d9b9a7d2f0bf591710,0x3687501b2a64ab629210db7dccf61802c9661549c3647f148f0bb7641cc71a5e,2020-12-05T20:40:11Z,0xcecf5163bb057c1aff4963d9b9a7d2f0bf591710,0x4ddc2d193948926d02f9b1fe9e1daa0718270ed5,,unknown,4972693100000000
0xcecf5163bb057c1aff4963d9b9a7d2f0bf591710,0xb194c55d036e69ff1d6c1cc888afc9bb51a8d3202b76853d4f639823e4be53a7,2020-11-22T05:34:11Z,0xcecf5163bb057c1aff4963d9b9a7d2f0bf591710,0x39aa39c021dfbae8fac545936693ac917d5e7563,,unknown,0
0xcf0033bf27804640e5339e06443e208db5870dd2,0x561c5cffbd8b2c0bb69a90677e698bab7c7b60166a654e786ca5b5760c9eb5ec,2020-11-09T09:30:34Z,0xcf0033bf27804640e5339e06443e208db5870dd2,0x39aa39c021dfbae8fac545936693ac917d5e7563,,unknown,0
0xd0df53e296c1e3115fccc3d7cdf4ba495e593b56,0x53af5fb9bf23a05d7ccb6afa1726c11c2fd10e7a783422fc4835f36383700bf4,2020-11-17T21:21:17Z,0xd0df53e296c1e3115fccc3d7cdf4ba495e593b56,0x39aa39c021dfbae8fac545936693ac917d5e7563,,unknown,0
0xd1a3888fd8f490367c6104e10b4154427c02dd9c,0x89cef373376a9b11d1fc7a10ee2fc949f2514a4d26436de863eaa50e435ccbd0,2020-11-01T06:58:15Z,0xd1a3888fd8f490367c6104e10b4154427c02dd9c,0x39aa39c021dfbae8fac545936693ac917d5e7563,,unknown,0
0xd334d18fa6bada9a10f361bae42a019ce88a3c33,0x477c46a45af88828a97e8bc20286dff1334431dd2f9dc3fe1863d1154fdb3337,2020-11-19T08:23:33Z,0xd334d18fa6bada9a10f361bae42a019ce88a3c33,0x4ddc2d193948926d02f9b1fe9e1daa0718270ed5,,unknown,5727190500000000
0xd334d18fa6bada9a10f361bae42a019ce88a3c33,0x32f084b72ae8bc9ade8484bdad0c08743f176feaa63146708f01ad1b791ac69b,2020-11-19T06:59:39Z,0xd334d18fa6bada9a10f361bae42a019ce88a3c33,0x39aa39c021dfbae8fac545936693ac917d5e7563,,unknown,0
0xd9d3930ffa343f5a0eec7606d045d0843d3a02b4,0x6c9b8be255a37f9a3e14e9ad7ce4f02938baaaf78c1f03dfc0c5f5d6038c52ee,2020-12-11T09:42:02Z,0xd9d3930ffa343f5a0eec7606d045d0843d3a02b4,0x4ddc2d193948926d02f9b1fe9e1daa0718270ed5,,unknown,6455035000000000
0xdde73df7bd4d704a89ad8421402701b3a460c6e9,0xbce692aa769ace682d7f2e4f8e88a50bb8d18c58888c123a3aad1f1d0f9a45e8,2021-11-16T06:19:08Z,0xdde73df7bd4d704a89ad8421402701b3a460c6e9,0x4ddc2d193948926d02f9b1fe9e1daa0718270ed5,,unknown,0
0xdde73df7bd4d704a89ad8421402701b3a460c6e9,0x3a382a6005ac5320e7af0110f1104bdfe06c1a38f72c7692b26f5cc1cc6e7555,2021-05-05T10:55:34Z,0xdde73df7bd4d704a89ad8421402701b3a460c6e9,0x4ddc2d193948926d02f9b1fe9e1daa0718270ed5,,unknown,300000000000000000
0xde92d70253604fd8c5998c8ee3ed282a41b33b7f,0x250f306707d8adf86be1bc2d96d8649211bca86e5abd0b857d90fd6a20bdd24d,2020-11-20T20:51:29Z,0xde92d70253604fd8c5998c8ee3ed282a41b33b7f,0x39aa39c021dfbae8fac545936693ac917d5e7563,,unknown,0
0xded1f838ae6aa5fcd0f13481b37ee88e5bdccb3d,0x733522d61a8782ef6c3c6be3597f9ce13999c9b2ed5bb2becce5352dd6313724,2020-12-14T06:48:14Z,0xded1f838ae6aa5fcd0f13481b37ee88e5bdccb3d,0x39aa39c021dfbae8fac545936693ac917d5e7563,,unknown,0
0xded1f838ae6aa5fcd0f13481b37ee88e5bdccb3d,0x1168593b828befaab22c58b01e013ff3e25d0cffad9e185699d2bd029dd145ca,2020-12-14T06:47:09Z,0xded1f838ae6aa5fcd0f13481b37ee88e5bdccb3d,0x39aa39c021dfbae8fac545936693ac917d5e7563,,unknown,0
0xebb8629e8a3ec86cf90cb7600264415640834483,0xc6aa4ebe42d139df64ebb79b1d4031aa6a7112584e5206394008a70f1ec8b643,2022-01-21T14:23:03Z,0xebb8629e8a3ec86cf90cb7600264415640834483,0x39aa39c021dfbae8fac545936693ac917d5e7563,,unknown,0
0xebb8629e8a3ec86cf90cb7600264415640834483,0xd0e759910f581b3f036497437d97a22a84c1927f4688afac2c4d278ca845506d,2021-11-22T19:32:31Z,0xebb8629e8a3ec86cf90cb7600264415640834483,0x39aa39c021dfbae8fac545936693ac917d5e7563,,unknown,0
0xeded1c8c0a0c532195b8432153f3bfa81dba2a90,0xf38c2a86fcb849a0d654de60fcf5441cb64fe757e535d22581a449f0f3776ce9,2021-07-18T17:46:12Z,0xeded1c8c0a0c532195b8432153f3bfa81dba2a90,0x4ddc2d193948926d02f9b1fe9e1daa0718270ed5,,unknown,1258906000000000
0xf10fd8921019615a856c1e95c7cd3632de34edc4,0x3f4831aa50110cdb1761ff414b320bf524a66925dacfd0b8764ce0624ed168c7,2020-07-05T12:50:51Z,0xf10fd8921019615a856c1e95c7cd3632de34edc4,0x3d9819210a31b4961b30ef54be2aed79b9c9cd3b,,unknown,0
0xf340b9f2098f80b86fbc5ede586c319473aa11f3,0x865c69de3e1d0640c46108b14ec684a872be57cb9ab8d8f841db12e7f6e6b840,2021-06-11T22:58:27Z,0xf340b9f2098f80b86fbc5ede586c319473aa11f3,0x4ddc2d193948926d02f9b1fe9e1daa0718270ed5,,unknown,0
0xf340b9f2098f80b86fbc5ede586c319473aa11f3,0xd3fd32a9793f8805bf73e516d82a4bc540310ec7187d3871c1a1f64d2c7d9298,2021-05-31T20:02:12Z,0xf340b9f2098f80b86fbc5ede586c319473aa11f3,0x39aa39c021dfbae8fac545936693ac917d5e7563,,unknown,0
0xf340b9f2098f80b86fbc5ede586c319473aa11f3,0xf592f134307ac8d3b7a2c53e20c1357dadc7fca2d7db37d9d4633c69159deb70,2021-05-26T16:09:56Z,0xf340b9f2098f80b86fbc5ede586c319473aa11f3,0x39aa39c021dfbae8fac545936693ac917d5e7563,,unknown,0
0xf340b9f2098f80b86fbc5ede586c319473aa11f3,0xd6e4da4cd33d577d8575bf14431eb68dd6839727f737032126a3a8668acc3f24,2021-05-21T21:39:50Z,0xf340b9f2098f80b86fbc5ede586c319473aa11f3,0x39aa39c021dfbae8fac545936693ac917d5e7563,,unknown,0
0xf340b9f2098f80b86fbc5ede586c319473aa11f3,0x7a5d33b106aa781b02556280a21e91df4a73e9f2790d5e839ea3badcc25da23f,2021-05-19T15:29:25Z,0xf340b9f2098f80b86fbc5ede586c319473aa11f3,0x39aa39c021dfbae8fac545936693ac917d5e7563,,unknown,0
0xf340b9f2098f80b86fbc5ede586c319473aa11f3,0x71ccd5e5f218c72e39f0c8116a486db99e1b8028e7384b826b02668fb96980c3,2021-05-19T15:26:43Z,0xf340b9f2098f80b86fbc5ede586c319473aa11f3,0x4ddc2d193948926d02f9b1fe9e1daa0718270ed5,,unknown,50000000000000000000
0xf340b9f2098f80b86fbc5ede586c319473aa11f3,0x17181030a362aa8efeb1c9dc7d605523a00d6df4248c1f6f537933ca6ad3cda1,2021-04-20T17:06:36Z,0xf340b9f2098f80b86fbc5ede586c319473aa11f3,0x4ddc2d193948926d02f9b1fe9e1daa0718270ed5,,unknown,0
0xf340b9f2098f80b86fbc5ede586c319473aa11f3,0x5cedd0817366b1ae142907e56dc2c20b8663b6fe27b4160d5ce38a0d5e78d902,2021-04-20T16:52:54Z,0xf340b9f2098f80b86fbc5ede586c319473aa11f3,0x39aa39c021dfbae8fac545936693ac917d5e7563,,unknown,0
0xf340b9f2098f80b86fbc5ede586c319473aa11f3,0xd06fc438b1cec212267f13dc431aed10a0c7a405edae29d0a32d23d6ef69280d,2021-04-08T03:17:43Z,0xf340b9f2098f80b86fbc5ede586c319473aa11f3,0x39aa39c021dfbae8fac545936693ac917d5e7563,,unknown,0
0xf340b9f2098f80b86fbc5ede586c319473aa11f3,0x42480d76d138e1e3e3a1ad03f1cfe0c56e70053981c4f37d357c66608a5a3d27,2021-04-06T01:47:38Z,0xf340b9f2098f80b86fbc5ede586c319473aa11f3,0x39aa39c021dfbae8fac545936693ac917d5e7563,,unknown,0
0xf340b9f2098f80b86fbc5ede586c319473aa11f3,0xaa639b6d009ba0be98885785af0aebfe9d864900adb3af8699fe96314e00a52d,2021-04-06T01:45:49Z,0xf340b9f2098f80b86fbc5ede586c319473aa11f3,0x4ddc2d193948926d02f9b1fe9e1daa0718270ed5,,unknown,50000000000000000000
0xf340b9f2098f80b86fbc5ede586c319473aa11f3,0xa2eccbab60fe8ba173427d214b72de5ec6c1a23e2729d9318ee96eb8c6cc8f0a,2021-04-05T01:15:40Z,0xf340b9f2098f80b86fbc5ede586c319473aa11f3,0x39aa39c021dfbae8fac545936693ac917d5e7563,,unknown,0
0xf340b9f2098f80b86fbc5ede586c319473aa11f3,0x84329f34bf2b36127df37bb9e8a7d6ced67a7d42d779b50c9a577d84834ef57d,2021-03-19T20:38:17Z,0xf340b9f2098f80b86fbc5ede586c319473aa11f3,0x39aa39c021dfbae8fac545936693ac917d5e7563,,unknown,0
0xf340b9f2098f80b86fbc5ede586c319473aa11f3,0xfbb692916d3aa5c04cf3a3f311476a2a32c508ec0b39945686e95a88f6a8b9ee,2021-03-19T20:35:51Z,0xf340b9f2098f80b86fbc5ede586c319473aa11f3,0x4ddc2d193948926d02f9b1fe9e1daa0718270ed5,,unknown,50000000000000000000
0xf340b9f2098f80b86fbc5ede586c319473aa11f3,0xe530c9b3bdd68e7b4ed4757424b7e7dfd43f26c2da01e17075ea67ed5425290b,2021-03-19T20:14:25Z,0xf340b9f2098f80b86fbc5ede586c319473aa11f3,0x3d9819210a31b4961b30ef54be2aed79b9c9cd3b,,unknown,0
0xf54f36bca969800fd7d63a68029561309938c09b,0x1aec5c2af00befe24af97892334de1b8d8b2dc1c0b8dcdc70a65d684db149ef2,2020-12-14T07:49:21Z,0xf54f36bca969800fd7d63a68029561309938c09b,0x39aa39c021dfbae8fac545936693ac917d5e7563,,unknown,0
0xf67e8e5805835465f7eba988259db882ab726800,0xcf94baf33bee99193a0c7dc72394b876ff407d53a05dcfbe30d0ee0ec6cd2f40,2020-12-17T23:22:54Z,0xf67e8e5805835465f7eba988259db882ab726800,0x39aa39c021dfbae8fac545936693ac917d5e7563,,unknown,0
0xf7aa5d0752cfcd41b0a5945867d619a80c405e52,0x281486ce415822f21d9d870789b329637523ba95beade8a58ec82938b67e8584,2020-10-31T19:42:17Z,0xf7aa5d0752cfcd41b0a5945867d619a80c405e52,0x39aa39c021dfbae8fac545936693ac917d5e7563,,unknown,0
0xfe5a05c0f8b24fca15a7306f6a4ebb7dcf2186ac,0xe76b49f4a25d49d8e5279e905ca683488f1a21313e57393f57124634bdcd7761,2020-10-21T18:51:46Z,0xfe5a05c0f8b24fca15a7306f6a4ebb7dcf2186ac,0x39aa39c021dfbae8fac545936693ac917d5e7563,,unknown,0
